loan_id,user_id,book_id,book_title,borrow_date,return_date
e68a15a0-ea31-452c-87d6-c01dc880c167,3468dfad-02de-4ecb-a12e-95b337e77545,a6fae801-e5ca-4f71-86e5-d043428c1660,Degree term when,2024-10-11,2024-12-09
042218bd-3680-4295-b821-01dba2113ca3,3ae64f36-1cb1-4e2b-9ce5-f5dc187c6225,e97234a1-3f5a-4b9d-ada9-2f4b99d166ea,Team good number center,2025-03-23,2025-04-17
cc9dbdba-f716-47bb-a180-f76f570092c5,9a406154-f22d-4c34-94de-055ce4629f81,3a2f196e-6dfb-4c17-b778-4bc1be4144b4,Fund reality question few,2024-12-05,2024-12-22
477c34f2-91f6-48d0-af8f-f05befb4743c,e2ef39ed-4509-4b0c-bd73-44975db90e9e,dc349c6a-a272-41a1-98f6-89c52ab8f714,We air well the,2024-05-31,2024-07-22
cc2f4317-0f65-4c10-adc9-44392fd258e4,714e66da-6bf6-495f-8865-d4854856b375,3bfb64b8-3b5d-4990-a660-59282c9ca23e,Work student stay baby least,2025-05-01,2025-05-16
aa7feecc-1943-43ea-b51f-c164c5642102,403a38fa-66fe-4a76-991c-e67159f474a6,e43ff7a1-60b2-44c8-b82f-3926e812557e,Plant deep policy include,2025-02-04,2025-03-18
95c3cca0-4b1c-4a26-bb93-cf555c4b5488,2252c90d-4f13-4f68-bc5d-f39570fed872,ca154ed0-0987-483a-8ffc-4aeb92698e5b,Do resource add,2024-11-21,2025-01-18
bcc16bcf-9a95-40d2-96b7-07851f05497d,ea48924b-ef0a-4dbb-9495-bf43b6055e14,4ea205f0-a700-46fd-987a-48c18d953c52,Effect assume across,2024-10-07,2024-10-20
f7ce0c64-d5c2-4ab1-8ae0-e503f063bc64,3dcf5fdd-fc54-4ab1-a508-6af1ac153a1e,dc349c6a-a272-41a1-98f6-89c52ab8f714,We air well the,2024-05-30,2024-07-11
6c746e37-8821-49c1-948a-baf90b593df3,5e4dbae4-8745-4978-aea6-1f6f70b0c6e7,4bb234a1-ef22-446c-b2c4-d7023025fe42,Woman scene find sense apply,2024-07-08,2024-08-18
82b8a2b7-2f76-4bbc-a6a5-0c9ccb6433eb,7fc7e5b8-56b7-4ee1-8b55-f67d95817e5b,bf91d870-2d3a-4af6-b0b7-12bff3ea26c9,Billion lay moment past fine,2025-02-21,2025-03-09
3bf1a927-4215-4e77-a1c3-cb086871a35e,987e7844-7a01-4a31-b537-afd3d40d437c,51ca607d-e61b-4791-b55d-e99141bfb09d,Learn head help war world,2025-03-06,2025-04-13
b183da62-a9c2-4a2a-9158-d39266212e00,b01a7d4e-a8cd-4fa3-ad59-1730094174ff,e7f51bf6-b8a1-4ac3-9f86-799ba7b3207a,Security into difficult,2024-07-27,2024-08-10
519b8a87-bd57-4e2d-93e5-4655de411a2f,1a369d87-d46e-466c-8591-1307b5354b16,65c4c2f3-fb37-4b34-8406-e99f0c20c25f,Message often tough inside,2024-10-16,2024-11-25
98427594-ea82-4f5b-9d29-7dd943881874,1834f9e1-92e8-47bd-bd1f-77dd190dec17,af45d738-b5bd-4c5a-9aad-2e06708a4062,Above type ever,2024-07-27,2024-08-01
a08477e3-bdb2-4743-97b4-dfa268fd350e,8688f3e9-9a95-4b9e-938b-63d32329abf6,e92fa7cc-a0bb-48b0-883e-5f2d9de4701c,Happy really month rich,2024-12-10,2024-12-21
22fc61c8-fb2c-45ad-adf1-de59af49ba88,9233aec3-1e4b-435b-a6c8-f75fd0182ca8,9f43ec07-6a21-4ad4-b436-2c37a035a3ea,Million within new piece,2024-07-27,2024-08-21
90d06696-2f56-4a2d-9da1-ac84c22e76fe,cc5e0b9d-01d7-4d33-8adb-d3fb893bdf3d,51ca607d-e61b-4791-b55d-e99141bfb09d,Learn head help war world,2024-06-19,2024-08-10
a607465d-1df4-4701-a8a6-0e82df5f04cc,a8ba3dce-9e5a-47d7-bf2d-21dd574c8275,b43b958a-7f4e-4d53-844d-b47894dcb25b,Future main today throw,2024-05-21,2024-05-29
64b923a6-099a-4c38-a87c-d7d94712b0ec,b7cc8c61-6d5a-4d8c-aa4f-7e18172387d9,a6fae801-e5ca-4f71-86e5-d043428c1660,Degree term when,2025-02-22,2025-02-28
36fb813e-3902-450e-b71f-b8f9aec1cb7c,e166c000-4ae8-48d5-83d6-8369e77a7a7a,7cebe606-3f5f-4877-9446-d345aadde4a3,Specific common down,2024-07-13,2024-07-29
d3087abc-6592-4203-a5ca-11c57c9b17bc,9ad20519-d488-4bad-80fc-7303f5d3e1ea,7cebe606-3f5f-4877-9446-d345aadde4a3,Specific common down,2025-03-29,2025-05-12
f55a9cf7-5a84-4c56-a17b-029b7a238b86,afcf4be9-0146-4d83-8bd5-f817e933b8d2,9f43ec07-6a21-4ad4-b436-2c37a035a3ea,Million within new piece,2025-04-17,2025-04-27
5503dbac-b086-4902-b0da-d6a42cbcb921,9bde98a2-eba3-468d-a900-fbc37f326c06,7cebe606-3f5f-4877-9446-d345aadde4a3,Specific common down,2025-02-09,2025-03-18
eab1dbfd-fecb-49c1-8ff5-844acf03ab95,24d8c93c-1af8-4145-8b09-76e1db4df34f,e43ff7a1-60b2-44c8-b82f-3926e812557e,Plant deep policy include,2024-05-29,2024-07-08
2d1b68c4-9ece-4262-8c08-03937f4705ed,2252c90d-4f13-4f68-bc5d-f39570fed872,9f43ec07-6a21-4ad4-b436-2c37a035a3ea,Million within new piece,2024-07-23,2024-09-05
e483cdaa-9dc4-449a-a235-66f0b40e305a,9ad20519-d488-4bad-80fc-7303f5d3e1ea,ea13988c-a89e-427b-9d7d-ae4e409bf186,Program best keep company,2024-06-18,2024-06-27
340fc6bd-0126-453c-a898-cdc0fa8b9444,ad71dc0b-40f5-4e79-b3a2-6ec38559749d,3bfb64b8-3b5d-4990-a660-59282c9ca23e,Work student stay baby least,2025-05-03,2025-05-21
ddebfee2-fc99-47fe-9ba2-f668bda61e0e,1a369d87-d46e-466c-8591-1307b5354b16,bed2aca9-bb01-4f47-baba-2ab1a66f4286,Sure today old civil impact,2025-04-21,2025-06-02
c0000cf8-e4ce-4293-aa21-7733eb465539,c4b09f2e-a1ed-4f3b-b163-2f45dd39769d,9f43ec07-6a21-4ad4-b436-2c37a035a3ea,Million within new piece,2024-10-10,2024-10-25
1fd8e720-8a51-4350-b514-08d5740278b9,eda4028e-f6f5-4644-87cf-9093bb3b3f5a,bed2aca9-bb01-4f47-baba-2ab1a66f4286,Sure today old civil impact,2024-08-26,2024-09-05
4eaa6e4d-2a13-42bf-98e2-a478b2d02e6b,c3906a52-ebd7-4f31-a65b-411412584475,5b1fb557-7f00-40c8-a164-dc14b53da36d,Involve management theory,2024-06-23,2024-07-29
3ac5057a-a6f5-45af-a182-17b68ffb4f45,477d8f91-135d-4ddb-97cf-b119f270cd0a,cc79df22-e0a3-46f1-a55c-5aa4867bed3d,Maintain local really,2025-01-31,2025-03-09
eb2fe4ce-0f87-4e61-a95e-f614c1ec1947,670c0bd8-e756-4015-bfa2-7f627bc33f16,94f7ba70-f0b5-46ad-abaa-22a7f2256347,Year what most toward role a,2025-04-08,2025-06-03
4a79c365-7417-4366-9249-a172c347a224,f0c578c2-f00d-4ba5-a6e2-df85f0fe83d7,ec6697dc-245b-4cd1-8e8d-bbd68c1b22ab,Probably team on goal,2024-10-08,2024-10-24
8b09d41f-b9b8-4a0f-acf4-ce89667c6773,3468dfad-02de-4ecb-a12e-95b337e77545,b9b24eb6-20ae-41d6-b480-e325f53e1650,Indicate child sit free tree,2024-08-25,2024-09-16
99b52f41-3429-4b84-9dc5-46700a44c532,30be14fb-cc74-4550-801f-2c2bdc61a0ed,f33742ec-dce8-4b10-84d8-10c40ceb16c3,Happen hard feeling loss job,2025-03-11,2025-03-28
b11246f6-3e92-4907-bc42-f6f63c220a97,38b7792c-510d-41bc-9878-c8936217bff2,fecfb147-4d10-4c27-9de4-c15884d3d306,Agreement pressure north,2025-02-02,2025-02-21
a443b6e9-4a22-4590-8634-1adb07660a38,65b01d61-c6ef-4695-8853-39e9a6e43c0d,fb3a7e6b-2a59-4bf4-b553-8a6b856a3eff,Fund west sing,2025-03-13,2025-05-08
deec5982-499c-4c5a-82e3-efd224ddc186,a1a8f19e-b8e3-48fb-b3fd-3ced8fcf9679,4088c168-3e1e-40de-a834-42e5b6459882,Size mouth sort wife skill,2024-10-27,2024-10-30
fcc95eb1-b08a-4a9a-ada4-94e06a19dbbf,970aace4-91b6-4114-af19-89c89e30e1a9,9a3fb82f-5cce-4631-a749-23a964bd970e,Around ten strategy agent,2025-01-28,2025-03-22
98168ea9-0130-4fbc-8d13-b2d9a075841c,ea48924b-ef0a-4dbb-9495-bf43b6055e14,6ab796e0-d0bc-4de6-a563-367e00a995d2,Close article or close trade,2024-05-15,2024-07-08
0204b8e8-35bf-4f42-99b2-c7938b0c19dc,b7cc8c61-6d5a-4d8c-aa4f-7e18172387d9,bed2aca9-bb01-4f47-baba-2ab1a66f4286,Sure today old civil impact,2025-01-05,2025-02-26
3f672546-46ab-4992-b159-2c5cc4090389,b7cc8c61-6d5a-4d8c-aa4f-7e18172387d9,53adc915-8805-4a9a-bfe7-429c9c69c3b1,Civil next choose,2024-08-24,2024-10-09
28dede48-fd70-4150-8c11-f3e4d1a14b56,4d039be5-0275-4925-b384-f1a06474511d,bf91d870-2d3a-4af6-b0b7-12bff3ea26c9,Billion lay moment past fine,2024-12-30,2024-12-31
1abf7a64-6bb7-499b-ac27-62a5155bfbb0,3468dfad-02de-4ecb-a12e-95b337e77545,bed2aca9-bb01-4f47-baba-2ab1a66f4286,Sure today old civil impact,2024-06-21,2024-08-06
36b84d17-9a58-496f-9dcb-44414858dcdc,7fc7e5b8-56b7-4ee1-8b55-f67d95817e5b,ceee4ef8-d283-4235-bf35-79b818239a93,Stay middle heavy next,2025-01-15,2025-03-04
f62d36c0-25e2-4ab9-9bb2-f412dff96872,9233aec3-1e4b-435b-a6c8-f75fd0182ca8,9a3fb82f-5cce-4631-a749-23a964bd970e,Around ten strategy agent,2024-07-16,2024-08-26
4c4541a4-ecd7-4fe5-b176-d40f0ef17a74,6cd706a1-6208-4f3e-90d4-dc987884ac31,51ca607d-e61b-4791-b55d-e99141bfb09d,Learn head help war world,2024-09-07,2024-10-19
8887c1ac-a511-4bdf-a1c0-5336cbead10e,0c0f0013-0640-4b82-b12a-86c86db59c53,7cebe606-3f5f-4877-9446-d345aadde4a3,Specific common down,2025-01-31,2025-03-06
d4f97afc-9efe-46ca-a575-3956ecfc5c11,a415df3b-abeb-4645-a040-32e65b959aaf,ea13988c-a89e-427b-9d7d-ae4e409bf186,Program best keep company,2024-10-17,2024-12-16
37c176e6-12b8-4a1c-b03f-74ead9708e83,0f10ce2b-8264-43b1-8686-65c3eff24a13,53adc915-8805-4a9a-bfe7-429c9c69c3b1,Civil next choose,2025-01-10,2025-02-08
54365b02-7158-4495-9efd-0e28b3949f43,43b4d1bd-978e-48ad-81a0-dc0414a4bbb2,9f43ec07-6a21-4ad4-b436-2c37a035a3ea,Million within new piece,2024-09-04,2024-09-14
9ecfe207-c82d-4ffe-87c0-ccbc707982e8,b7cc8c61-6d5a-4d8c-aa4f-7e18172387d9,e43ff7a1-60b2-44c8-b82f-3926e812557e,Plant deep policy include,2024-08-22,2024-09-23
7a4f4555-a172-42f8-927e-98454e81223f,3107f514-6268-409a-8846-9888d37b166e,fb3a7e6b-2a59-4bf4-b553-8a6b856a3eff,Fund west sing,2024-05-21,2024-07-03
cf28c528-2cb1-432d-9d34-cfd15e9d4235,e166c000-4ae8-48d5-83d6-8369e77a7a7a,dc7672d2-1c1d-4ce2-b453-d3d74cae0969,Fire fish somebody old find,2024-11-14,2025-01-07
ab0f10d0-6ac6-4c45-8b7e-fce676e2bb4c,ea48924b-ef0a-4dbb-9495-bf43b6055e14,4088c168-3e1e-40de-a834-42e5b6459882,Size mouth sort wife skill,2024-07-02,2024-07-08
bb1651d0-08f7-409d-a67e-9c2dac7b1b75,7bc51e87-8cca-4ea0-b1be-146b5c845476,19cae7f5-5c41-41ee-a769-4d44d6fa08ce,Development radio there,2025-02-20,2025-03-23
7c7b4a61-f7f8-4dde-8fe7-c39d51bb965e,0d78a626-3fa7-4866-9e09-089331a49f73,dc7672d2-1c1d-4ce2-b453-d3d74cae0969,Fire fish somebody old find,2024-09-29,2024-10-28
c4090250-1a09-429b-97f3-3da7817c3c20,ea48924b-ef0a-4dbb-9495-bf43b6055e14,e8ac8577-7765-4a92-9926-317ec1364b4b,Front reason senior,2025-04-08,2025-04-25
1f302f0b-fe5e-46da-a467-1e92e7c2a355,8762d4ba-6888-4a2f-b0f3-f78470ba5656,e92fa7cc-a0bb-48b0-883e-5f2d9de4701c,Happy really month rich,2025-02-28,2025-04-06
fadc0173-3121-458a-a3c2-b7e78d3586ea,6cd706a1-6208-4f3e-90d4-dc987884ac31,e43ff7a1-60b2-44c8-b82f-3926e812557e,Plant deep policy include,2024-09-10,2024-10-22
0272f853-53d4-4834-a40b-9febf7c8d153,a1a8f19e-b8e3-48fb-b3fd-3ced8fcf9679,e43ff7a1-60b2-44c8-b82f-3926e812557e,Plant deep policy include,2025-04-13,2025-05-09
d0834c6d-815a-4602-9bf1-d195b1c4798d,3107f514-6268-409a-8846-9888d37b166e,ea13988c-a89e-427b-9d7d-ae4e409bf186,Program best keep company,2024-12-28,2025-01-26
a1b3dc5f-61c1-4d87-a71b-8e08ef7b3c29,3724dfa5-00ac-428e-9906-284106e882a2,ef61c65a-376f-4caf-86a5-68a0b737a94b,Near even each edge some,2024-07-08,2024-07-15
287a8f2e-8577-4dba-87db-63f70c1364c1,66c2aaa6-d1b0-430f-bd3d-1833e59bb4dc,ef61c65a-376f-4caf-86a5-68a0b737a94b,Near even each edge some,2025-05-08,2025-07-05
a056f5b0-eac0-4452-8814-502d87303bb0,df35dabd-9f75-494a-a8d4-71d462aeb756,8ace5995-4a78-476c-83a6-68d65ccdde53,Public near step official,2024-11-29,2024-12-28
df43b8e7-9ac2-4e73-8ee1-576381779600,7fc7e5b8-56b7-4ee1-8b55-f67d95817e5b,5b1fb557-7f00-40c8-a164-dc14b53da36d,Involve management theory,2024-07-20,2024-07-26
2c8a8669-6907-4f24-8a55-36e47129a2da,d22aef1e-bf51-4caf-90cb-335dddb96632,8e79d4f6-7732-408c-ac38-73e2de5e7832,Investment small key open,2025-02-13,2025-02-22
fc696bf8-d739-49ae-8a03-005bbe326d65,38b7792c-510d-41bc-9878-c8936217bff2,e8ac8577-7765-4a92-9926-317ec1364b4b,Front reason senior,2024-11-27,2024-12-28
8c15f116-062f-44d9-b1c5-671970b0ee0d,3724dfa5-00ac-428e-9906-284106e882a2,9a3fb82f-5cce-4631-a749-23a964bd970e,Around ten strategy agent,2025-01-04,2025-01-28
159465e8-ea98-4db0-8c6a-028299ffcae1,24d8c93c-1af8-4145-8b09-76e1db4df34f,fb3a7e6b-2a59-4bf4-b553-8a6b856a3eff,Fund west sing,2024-06-25,2024-08-18
32908d29-3deb-4675-82a4-691add42caa1,477d8f91-135d-4ddb-97cf-b119f270cd0a,bed2aca9-bb01-4f47-baba-2ab1a66f4286,Sure today old civil impact,2024-05-18,2024-05-25
d388df80-2b2e-47df-9fca-b898a62c65a8,ceaa9214-da7b-4c8e-b4e6-aa62b3e4ebaa,8ace5995-4a78-476c-83a6-68d65ccdde53,Public near step official,2024-10-25,2024-12-12
0821309a-5370-4ec5-be1d-5ae494863bca,a1a8f19e-b8e3-48fb-b3fd-3ced8fcf9679,cf726961-4139-49f7-8208-7ecad380179f,Long campaign let music,2024-05-15,2024-06-09
9414138b-fde9-4b0e-8e12-8eb34b1000c5,afcf4be9-0146-4d83-8bd5-f817e933b8d2,9b7cad1c-8f8b-469b-bd3e-a38c2415059f,Very morning whose,2024-09-15,2024-10-15
b6724a1a-fc0a-4846-ab70-1fcd04517ac5,477d8f91-135d-4ddb-97cf-b119f270cd0a,4bb234a1-ef22-446c-b2c4-d7023025fe42,Woman scene find sense apply,2024-07-01,2024-07-06
ae9606e7-0c24-4e04-baaf-6011ea54ddea,9a54e78c-0b71-4654-9ae2-cd6a0dc1aff2,8e79d4f6-7732-408c-ac38-73e2de5e7832,Investment small key open,2024-07-08,2024-08-06
f8aa69d9-dfc4-4dbe-8fee-2bfab0a863b9,670c0bd8-e756-4015-bfa2-7f627bc33f16,10d4677b-44a3-4dd8-bc50-2ab502deb0f8,Lose system when child,2025-01-13,2025-01-27
073e16b6-a449-4466-ac5e-fac0baf1276f,c911ed52-dcbb-45f5-8dba-7aa9a59dcf1d,dc349c6a-a272-41a1-98f6-89c52ab8f714,We air well the,2025-03-31,2025-05-06
e8eedb66-22e3-4bcb-beee-7a4aba1eaa25,e7b20013-b68a-45a5-83aa-babf7da478f5,9d4db695-aba0-4edf-8813-fbee9727ffe8,Wife room until spend who,2024-10-27,2024-11-27
12372e25-32a6-4fa8-bb8c-74e12752dcdc,f0c578c2-f00d-4ba5-a6e2-df85f0fe83d7,4e40e2ae-eef6-4ee9-9dbe-a856a868ce82,Summer reach white show,2024-09-22,2024-11-12
aa78f46a-94d6-4e25-8cc2-9576a76da5e2,6cd706a1-6208-4f3e-90d4-dc987884ac31,e8ac8577-7765-4a92-9926-317ec1364b4b,Front reason senior,2024-12-23,2025-01-01
08dba821-1b3d-45fd-944f-00fbbd6dc989,05597e10-9c99-4ec8-ada2-3d69a905f266,51ca607d-e61b-4791-b55d-e99141bfb09d,Learn head help war world,2025-04-15,2025-04-18
519cc649-aeec-47d3-8a3a-06ca7de6b748,9a406154-f22d-4c34-94de-055ce4629f81,ea13988c-a89e-427b-9d7d-ae4e409bf186,Program best keep company,2024-06-12,2024-08-06
d3bc3392-879a-46d7-86b3-803a6f21df3b,c12357b6-dbb7-477c-9fac-973bc4d61660,795c817c-69fd-4824-bcbb-cf3102e5351d,Skin might fall well,2025-02-24,2025-03-23
42d3404d-a08d-4311-bd94-099c9bc776dc,8762d4ba-6888-4a2f-b0f3-f78470ba5656,ea13988c-a89e-427b-9d7d-ae4e409bf186,Program best keep company,2025-02-06,2025-03-04
6d18154c-a55d-4104-a368-a4bce25c3ce5,ceaa9214-da7b-4c8e-b4e6-aa62b3e4ebaa,65c4c2f3-fb37-4b34-8406-e99f0c20c25f,Message often tough inside,2025-02-11,2025-04-03
cfa84b74-d053-4da4-91a2-63e12ba08d50,9233aec3-1e4b-435b-a6c8-f75fd0182ca8,ca154ed0-0987-483a-8ffc-4aeb92698e5b,Do resource add,2025-03-23,2025-04-29
0cf023fb-396c-49fb-a83d-78b0075bf799,5e4dbae4-8745-4978-aea6-1f6f70b0c6e7,4088c168-3e1e-40de-a834-42e5b6459882,Size mouth sort wife skill,2024-08-13,2024-09-19
ea291bfe-eeca-4e38-b2fe-6622ec0f330c,3724dfa5-00ac-428e-9906-284106e882a2,cc79df22-e0a3-46f1-a55c-5aa4867bed3d,Maintain local really,2024-12-19,2025-01-22
8f602bd5-f21c-431e-ba09-9547da700aaa,38b7792c-510d-41bc-9878-c8936217bff2,4e40e2ae-eef6-4ee9-9dbe-a856a868ce82,Summer reach white show,2025-03-19,2025-04-02
dfea337c-5e17-48ba-9570-0e87b54af857,f57a3bbe-6ca9-447e-bd03-81ab519d9b21,4bb234a1-ef22-446c-b2c4-d7023025fe42,Woman scene find sense apply,2025-05-03,2025-05-31
0fd7f648-f455-4c1b-9ac8-9b09ef80d073,f57a3bbe-6ca9-447e-bd03-81ab519d9b21,fb3a7e6b-2a59-4bf4-b553-8a6b856a3eff,Fund west sing,2024-06-15,2024-07-11
644fe3e3-c77f-4d5e-b756-95340990187e,faf0834e-18bb-42d2-93e3-91ee73cee8d8,f33742ec-dce8-4b10-84d8-10c40ceb16c3,Happen hard feeling loss job,2025-01-09,2025-03-04
3b23c93e-2f1d-49a5-b2aa-38250ead6712,d22aef1e-bf51-4caf-90cb-335dddb96632,f33742ec-dce8-4b10-84d8-10c40ceb16c3,Happen hard feeling loss job,2025-03-14,2025-05-08
b24d6f5b-27a9-4617-a97d-61949c624c70,10cac449-cb06-4e03-bb9d-4589711d9bd4,ca154ed0-0987-483a-8ffc-4aeb92698e5b,Do resource add,2024-09-12,2024-10-14
ea02e1b2-a81f-4c4f-8894-9fea2f1a94cd,5ee2f0a3-38cb-406e-97a0-395f793772e6,8e79d4f6-7732-408c-ac38-73e2de5e7832,Investment small key open,2025-02-06,2025-03-03
07af8eb5-6f02-47e9-aee9-3b41aa0bf1fc,f0c578c2-f00d-4ba5-a6e2-df85f0fe83d7,3a2f196e-6dfb-4c17-b778-4bc1be4144b4,Fund reality question few,2025-04-02,2025-05-02
3121967b-bae1-4e61-9225-32f4a3dfaf8e,e2ef39ed-4509-4b0c-bd73-44975db90e9e,ef61c65a-376f-4caf-86a5-68a0b737a94b,Near even each edge some,2025-03-22,2025-04-14
517a8c81-5271-41b7-b3b4-e6dc1593db13,ea48924b-ef0a-4dbb-9495-bf43b6055e14,b9b24eb6-20ae-41d6-b480-e325f53e1650,Indicate child sit free tree,2025-05-05,2025-05-12
fb08c8d5-eeeb-47b4-b069-98c0fbe45bad,dab6e03b-71d9-4313-bc85-97c7d89f13e3,e717b6e0-6e07-4c66-a298-a0e57649971b,New oil walk on ever,2025-04-11,2025-05-22
79c45bf1-abdf-4434-8005-bfa845d994db,3468dfad-02de-4ecb-a12e-95b337e77545,6ab796e0-d0bc-4de6-a563-367e00a995d2,Close article or close trade,2025-01-14,2025-02-10
38481555-ea24-40c7-96bf-e0963aab649b,85e43d57-398c-4488-b90a-6b6db5a877f6,10d4677b-44a3-4dd8-bc50-2ab502deb0f8,Lose system when child,2024-12-09,2025-02-01
b03b2bb6-e39c-4c1b-86f8-88fc4206b782,970aace4-91b6-4114-af19-89c89e30e1a9,fecfb147-4d10-4c27-9de4-c15884d3d306,Agreement pressure north,2024-10-10,2024-11-10
cccd1ffe-102b-4536-9aee-d86dae563fe1,d15a7a29-7773-4ed8-a4a0-8731c71eb6ba,53adc915-8805-4a9a-bfe7-429c9c69c3b1,Civil next choose,2024-09-18,2024-11-12
50fb1f6f-5b47-464b-86a4-ac85866d932d,e7b20013-b68a-45a5-83aa-babf7da478f5,cc79df22-e0a3-46f1-a55c-5aa4867bed3d,Maintain local really,2025-05-10,2025-07-04
ed6abba4-f479-4317-928c-60650aeae018,c12357b6-dbb7-477c-9fac-973bc4d61660,cc79df22-e0a3-46f1-a55c-5aa4867bed3d,Maintain local really,2024-12-07,2025-01-21
ea65db78-da19-4e1b-a8a7-4a61b85e3a29,ad71dc0b-40f5-4e79-b3a2-6ec38559749d,7cebe606-3f5f-4877-9446-d345aadde4a3,Specific common down,2024-10-01,2024-10-24
38f4ccaa-f625-48aa-af45-300c226a5788,24e3fe8e-b6b0-41dc-ba35-7af3078115c2,65c4c2f3-fb37-4b34-8406-e99f0c20c25f,Message often tough inside,2024-12-09,2025-01-13
88099a54-f795-4a6b-8d25-4c94962f3dfb,670c0bd8-e756-4015-bfa2-7f627bc33f16,bf91d870-2d3a-4af6-b0b7-12bff3ea26c9,Billion lay moment past fine,2025-02-20,2025-02-23
2f84eb34-cc06-45d5-b145-e83bd8d56d8d,dab6e03b-71d9-4313-bc85-97c7d89f13e3,e43ff7a1-60b2-44c8-b82f-3926e812557e,Plant deep policy include,2024-09-06,2024-10-18
e5b723fd-c4b3-4d18-9a83-7301e7864cef,ad71dc0b-40f5-4e79-b3a2-6ec38559749d,9d4db695-aba0-4edf-8813-fbee9727ffe8,Wife room until spend who,2025-03-02,2025-04-05
1180b43d-fb5d-46ab-adfd-94a2fb2661a8,40460ef8-c281-49da-a444-b0176e8c02b3,795c817c-69fd-4824-bcbb-cf3102e5351d,Skin might fall well,2025-03-14,2025-03-27
4fa0ac72-14e3-4f2d-8d48-174d0781d4db,5e4dbae4-8745-4978-aea6-1f6f70b0c6e7,f33742ec-dce8-4b10-84d8-10c40ceb16c3,Happen hard feeling loss job,2024-06-06,2024-07-02
5bbe7a03-1551-4fe4-911e-b12fca375f5d,53114c23-54b1-4818-8d5e-a5645dcb6e80,cc79df22-e0a3-46f1-a55c-5aa4867bed3d,Maintain local really,2024-06-30,2024-07-23
fe7b35ed-f8d1-4490-99c0-7a15e7f847d9,ec8f5745-3917-4c5c-8731-e520659bf3f0,53adc915-8805-4a9a-bfe7-429c9c69c3b1,Civil next choose,2025-04-07,2025-05-14
b38d3deb-f07f-4883-89fe-f8f7cd0a67a5,b7cc8c61-6d5a-4d8c-aa4f-7e18172387d9,e8ac8577-7765-4a92-9926-317ec1364b4b,Front reason senior,2025-03-08,2025-05-02
93b990c8-9459-4dfe-8677-6f743b81a0fc,ea48924b-ef0a-4dbb-9495-bf43b6055e14,e97234a1-3f5a-4b9d-ada9-2f4b99d166ea,Team good number center,2024-12-24,2025-01-10
0395f619-4b3b-4aad-b240-9446603c97c0,726d1270-321c-423e-ae11-73f814447915,795c817c-69fd-4824-bcbb-cf3102e5351d,Skin might fall well,2025-03-25,2025-04-08
f08fcaca-4756-441e-9589-37f07319b84b,8688f3e9-9a95-4b9e-938b-63d32329abf6,0c45bd05-b3a6-4764-8900-a5bdb2e1c31e,Tend main manage federal,2024-06-10,2024-06-29
b2b79355-f298-459b-b74d-5510275206ac,726d1270-321c-423e-ae11-73f814447915,bed2aca9-bb01-4f47-baba-2ab1a66f4286,Sure today old civil impact,2024-10-22,2024-12-15
ca145795-af22-40b3-a137-442df5aed90d,9ad20519-d488-4bad-80fc-7303f5d3e1ea,bb057fd8-66b6-4c03-9fc9-6d4868cf9bce,We him happy,2024-11-15,2025-01-05
df26fb51-a6f2-472b-877b-18cc2c56ac6c,96aec3ae-bd79-4632-ac5b-317eb9157b9b,e97234a1-3f5a-4b9d-ada9-2f4b99d166ea,Team good number center,2024-09-02,2024-10-31
70194a33-0a3d-4c2d-b0e6-7d54c6d9bb34,403a38fa-66fe-4a76-991c-e67159f474a6,4ea205f0-a700-46fd-987a-48c18d953c52,Effect assume across,2025-04-24,2025-05-08
d30e80d7-bf41-418f-9cd8-4c3412873506,53114c23-54b1-4818-8d5e-a5645dcb6e80,cc79df22-e0a3-46f1-a55c-5aa4867bed3d,Maintain local really,2024-05-27,2024-06-26
931eb715-486d-4e34-87b1-2eccdf32649f,2894fb4f-3c13-4965-9f91-70184697d761,0c45bd05-b3a6-4764-8900-a5bdb2e1c31e,Tend main manage federal,2024-09-06,2024-09-22
7b6f843d-3961-4088-aad1-689338c6f1c8,7fc7e5b8-56b7-4ee1-8b55-f67d95817e5b,bed2aca9-bb01-4f47-baba-2ab1a66f4286,Sure today old civil impact,2024-09-11,2024-10-07
03fd4f69-3220-4f61-b7a0-99518b2e6471,e124fef0-849d-409b-a3f1-1ca28ff25b3c,53adc915-8805-4a9a-bfe7-429c9c69c3b1,Civil next choose,2024-09-28,2024-10-06
253a7a3c-7a79-45c2-867b-99e4f126bf11,3b961e27-6f37-4e7a-9740-b788433a33d3,9b7cad1c-8f8b-469b-bd3e-a38c2415059f,Very morning whose,2024-08-29,2024-08-30
ce6ecfd3-ab79-42f9-8ac4-f3b31b01ceb9,24e3fe8e-b6b0-41dc-ba35-7af3078115c2,53adc915-8805-4a9a-bfe7-429c9c69c3b1,Civil next choose,2025-04-23,2025-05-28
2c7f5681-5ad9-4b41-82aa-502a7a3c5b91,dab6e03b-71d9-4313-bc85-97c7d89f13e3,dc7672d2-1c1d-4ce2-b453-d3d74cae0969,Fire fish somebody old find,2024-09-26,2024-10-25
6c19d7e3-4169-4401-af38-00687c35369b,24154e7a-8bde-4339-a99e-20abe87f1aa6,9f43ec07-6a21-4ad4-b436-2c37a035a3ea,Million within new piece,2024-07-06,2024-08-30
f153e7fd-0fef-4e2b-be5a-2459cae5c65f,c3906a52-ebd7-4f31-a65b-411412584475,9a3fb82f-5cce-4631-a749-23a964bd970e,Around ten strategy agent,2024-08-21,2024-10-08
12598423-d728-4453-9d45-4fbca465348c,9a54e78c-0b71-4654-9ae2-cd6a0dc1aff2,ca154ed0-0987-483a-8ffc-4aeb92698e5b,Do resource add,2024-09-08,2024-10-28
1e1730d6-85be-499f-bea1-61d630059697,a1a8f19e-b8e3-48fb-b3fd-3ced8fcf9679,b43b958a-7f4e-4d53-844d-b47894dcb25b,Future main today throw,2025-02-23,2025-03-17
76b07015-24df-4284-86b6-8efad22ce0fa,12723928-7446-467d-9f8e-9585f6ccef0b,795c817c-69fd-4824-bcbb-cf3102e5351d,Skin might fall well,2024-07-30,2024-09-23
d8fc10c7-ee8b-4918-afb8-0e105d19bc80,8762d4ba-6888-4a2f-b0f3-f78470ba5656,ca154ed0-0987-483a-8ffc-4aeb92698e5b,Do resource add,2025-04-05,2025-05-04
35153fd7-c52d-4445-aaa7-eb31373c0673,33cdcb81-8399-4e0f-8050-b1fe47f54c24,9b7cad1c-8f8b-469b-bd3e-a38c2415059f,Very morning whose,2025-03-10,2025-04-12
6f1fb1e0-1744-4541-b40a-a43796f943f3,c911ed52-dcbb-45f5-8dba-7aa9a59dcf1d,bed2aca9-bb01-4f47-baba-2ab1a66f4286,Sure today old civil impact,2024-07-31,2024-08-03
2a2ecf57-732f-45b2-935a-3eb33513a7e0,3724dfa5-00ac-428e-9906-284106e882a2,bb057fd8-66b6-4c03-9fc9-6d4868cf9bce,We him happy,2024-10-23,2024-10-26
3f99c8f8-73ce-4d35-906b-7179d1cd2814,9a54e78c-0b71-4654-9ae2-cd6a0dc1aff2,e92fa7cc-a0bb-48b0-883e-5f2d9de4701c,Happy really month rich,2024-11-20,2024-11-22
bc5c71ad-1c8a-4dd5-be27-5bb8e8cce210,c3906a52-ebd7-4f31-a65b-411412584475,8ace5995-4a78-476c-83a6-68d65ccdde53,Public near step official,2025-02-10,2025-02-18
2581afca-b75d-448f-90eb-a10bdbaccf5b,970aace4-91b6-4114-af19-89c89e30e1a9,4ea205f0-a700-46fd-987a-48c18d953c52,Effect assume across,2024-07-13,2024-07-18
cd69a42c-df84-4d7c-bf1f-17643b7dbeb8,faf0834e-18bb-42d2-93e3-91ee73cee8d8,8e79d4f6-7732-408c-ac38-73e2de5e7832,Investment small key open,2024-07-20,2024-09-14
b7332d62-c579-4462-a6d7-78b51aa1b279,9de59430-8b25-40a4-a3b9-1d10bb215781,8e79d4f6-7732-408c-ac38-73e2de5e7832,Investment small key open,2024-12-20,2025-01-20
0084087c-762e-49ff-b245-9f7bbef79bb2,c4b09f2e-a1ed-4f3b-b163-2f45dd39769d,9b7cad1c-8f8b-469b-bd3e-a38c2415059f,Very morning whose,2025-01-26,2025-02-16
cc49649c-9945-4b5a-aed6-9fb540524a9e,33cdcb81-8399-4e0f-8050-b1fe47f54c24,d655fa78-78ad-43ec-b256-8b64187a977d,From we we phone,2025-03-22,2025-04-14
8e3cb282-b045-44b6-ba31-fc913a48c8ca,0d78a626-3fa7-4866-9e09-089331a49f73,e97234a1-3f5a-4b9d-ada9-2f4b99d166ea,Team good number center,2024-11-23,2025-01-14
98693750-fa37-40f7-839f-fe5ca6749718,faf0834e-18bb-42d2-93e3-91ee73cee8d8,4ea205f0-a700-46fd-987a-48c18d953c52,Effect assume across,2024-06-05,2024-07-06
bd75ef10-9eb6-4e97-bd9b-2e1c2fe56b7d,40460ef8-c281-49da-a444-b0176e8c02b3,5b1fb557-7f00-40c8-a164-dc14b53da36d,Involve management theory,2024-12-08,2024-12-21
49ea234f-97a1-4985-9b34-865080a6dfde,23223ea8-a94c-4295-94af-830fab9ed7a1,65c4c2f3-fb37-4b34-8406-e99f0c20c25f,Message often tough inside,2024-08-02,2024-09-20
b38cc703-5e22-41a6-9f85-33cd1182dd34,e7b20013-b68a-45a5-83aa-babf7da478f5,ec6697dc-245b-4cd1-8e8d-bbd68c1b22ab,Probably team on goal,2024-08-19,2024-10-08
ce59795b-a92d-4bf0-bac3-8ff57d5c31ca,c911ed52-dcbb-45f5-8dba-7aa9a59dcf1d,795c817c-69fd-4824-bcbb-cf3102e5351d,Skin might fall well,2025-01-08,2025-02-18
9247025d-a3c3-4a9f-9ff9-826386e423e2,a8ba3dce-9e5a-47d7-bf2d-21dd574c8275,8e79d4f6-7732-408c-ac38-73e2de5e7832,Investment small key open,2025-03-09,2025-03-12
e2870423-f280-41e3-99d3-43cbc743e0c7,24154e7a-8bde-4339-a99e-20abe87f1aa6,4bb234a1-ef22-446c-b2c4-d7023025fe42,Woman scene find sense apply,2024-10-30,2024-12-07
ddc16268-dd84-4527-9eb4-c58aad2995b2,2252c90d-4f13-4f68-bc5d-f39570fed872,795c817c-69fd-4824-bcbb-cf3102e5351d,Skin might fall well,2024-12-03,2024-12-25
90e7633d-5828-444a-8c87-fd6fd5af607c,40460ef8-c281-49da-a444-b0176e8c02b3,94f7ba70-f0b5-46ad-abaa-22a7f2256347,Year what most toward role a,2025-03-15,2025-04-05
5c0020cb-cfae-4174-b671-ae741cb49519,7fc7e5b8-56b7-4ee1-8b55-f67d95817e5b,8ace5995-4a78-476c-83a6-68d65ccdde53,Public near step official,2024-07-18,2024-09-10
d32f9088-2045-4c60-91d8-45f54150bc6d,cc5e0b9d-01d7-4d33-8adb-d3fb893bdf3d,e43ff7a1-60b2-44c8-b82f-3926e812557e,Plant deep policy include,2024-09-24,2024-10-12
d60e070c-9d91-4d05-8a03-34bde50a90f0,0c0f0013-0640-4b82-b12a-86c86db59c53,4ea205f0-a700-46fd-987a-48c18d953c52,Effect assume across,2025-04-12,2025-06-06
c3c77ffb-e769-4da5-a929-18f40cf9a674,eda4028e-f6f5-4644-87cf-9093bb3b3f5a,d655fa78-78ad-43ec-b256-8b64187a977d,From we we phone,2025-01-20,2025-02-05
e52e8152-ca02-4fa1-8e92-ac2d2341a921,ec9a756f-70b0-495d-8cbb-a9fc137b792c,bf91d870-2d3a-4af6-b0b7-12bff3ea26c9,Billion lay moment past fine,2024-09-15,2024-10-04
cab2b5aa-6904-41e2-9923-ecf7c6587ea1,24154e7a-8bde-4339-a99e-20abe87f1aa6,b43b958a-7f4e-4d53-844d-b47894dcb25b,Future main today throw,2024-10-10,2024-10-21
b8bef446-b650-44d9-b720-ed75ca3e6ff1,0c0f0013-0640-4b82-b12a-86c86db59c53,dc7672d2-1c1d-4ce2-b453-d3d74cae0969,Fire fish somebody old find,2025-01-19,2025-02-15
6ab83d2c-b249-4546-8ca5-00fe05fd186c,24154e7a-8bde-4339-a99e-20abe87f1aa6,dc349c6a-a272-41a1-98f6-89c52ab8f714,We air well the,2025-03-11,2025-04-17
27e4fe2f-c8f2-4c1b-92b3-71e8eab59ce9,987e7844-7a01-4a31-b537-afd3d40d437c,19cae7f5-5c41-41ee-a769-4d44d6fa08ce,Development radio there,2024-12-03,2025-01-07
2a65f0dc-4071-4aff-a9a3-a766b20ed0fb,ceaa9214-da7b-4c8e-b4e6-aa62b3e4ebaa,bf91d870-2d3a-4af6-b0b7-12bff3ea26c9,Billion lay moment past fine,2024-09-26,2024-11-01
b3c27c04-5193-4912-8998-cdc4e6e1abaa,85e43d57-398c-4488-b90a-6b6db5a877f6,ef61c65a-376f-4caf-86a5-68a0b737a94b,Near even each edge some,2025-01-23,2025-03-24
261b242f-0f0e-4b1a-9247-0c29e85320ba,a8ba3dce-9e5a-47d7-bf2d-21dd574c8275,4ea205f0-a700-46fd-987a-48c18d953c52,Effect assume across,2024-10-17,2024-11-15
c0b10958-71a2-47bc-81e4-51c22b7f7e1f,a415df3b-abeb-4645-a040-32e65b959aaf,e43ff7a1-60b2-44c8-b82f-3926e812557e,Plant deep policy include,2024-12-11,2025-02-07
0509035c-9322-49cb-b97d-c12fcb9cf872,5e4dbae4-8745-4978-aea6-1f6f70b0c6e7,795c817c-69fd-4824-bcbb-cf3102e5351d,Skin might fall well,2024-10-15,2024-12-06
9746b2df-44db-4f67-8dd6-2c408e7129ea,b7cc8c61-6d5a-4d8c-aa4f-7e18172387d9,6ab796e0-d0bc-4de6-a563-367e00a995d2,Close article or close trade,2024-12-26,2024-12-27
82eb0a50-dd25-4de8-baab-f89093a301a8,9a54e78c-0b71-4654-9ae2-cd6a0dc1aff2,e717b6e0-6e07-4c66-a298-a0e57649971b,New oil walk on ever,2024-08-11,2024-08-16
02ba55a4-658d-494d-a796-dc88c71254af,c3906a52-ebd7-4f31-a65b-411412584475,ef61c65a-376f-4caf-86a5-68a0b737a94b,Near even each edge some,2024-09-12,2024-10-02
0f04127f-fa23-4051-80c3-d307421f23e1,2a8bd5a6-82c9-41f5-9bfc-d20e4850b576,ef61c65a-376f-4caf-86a5-68a0b737a94b,Near even each edge some,2025-05-07,2025-06-28
b709ee08-a0cf-481f-a644-abf436221ec3,670c0bd8-e756-4015-bfa2-7f627bc33f16,bf91d870-2d3a-4af6-b0b7-12bff3ea26c9,Billion lay moment past fine,2024-10-03,2024-11-29
c344a921-5694-41b6-8719-6f31797ed601,221f8b87-aaed-4dbf-b6ab-d47fac09555d,e92fa7cc-a0bb-48b0-883e-5f2d9de4701c,Happy really month rich,2024-05-13,2024-07-10
70e92cff-e336-49ea-bd06-6a67db068987,9ad20519-d488-4bad-80fc-7303f5d3e1ea,4088c168-3e1e-40de-a834-42e5b6459882,Size mouth sort wife skill,2025-02-09,2025-02-14
8abb0b9f-0e41-47ca-b6b5-ae19349c5a64,fddf7b41-b246-4da8-b189-e1c6473a8c3e,e92fa7cc-a0bb-48b0-883e-5f2d9de4701c,Happy really month rich,2025-01-20,2025-01-26
6bc36b33-e45d-4f62-aa75-541fc9b39d8f,800fb79f-00b9-4396-9e7f-6023a2e8e768,fecfb147-4d10-4c27-9de4-c15884d3d306,Agreement pressure north,2025-04-17,2025-06-16
cf07ffd0-0b7d-4961-a74f-346ebd52ccf7,dab6e03b-71d9-4313-bc85-97c7d89f13e3,19cae7f5-5c41-41ee-a769-4d44d6fa08ce,Development radio there,2025-03-25,2025-04-16
faecb3f0-3205-4869-9c95-db8112e1b519,987e7844-7a01-4a31-b537-afd3d40d437c,65c4c2f3-fb37-4b34-8406-e99f0c20c25f,Message often tough inside,2025-01-15,2025-02-04
a43275c9-ad09-43c1-8e6a-b27eff88241e,40460ef8-c281-49da-a444-b0176e8c02b3,ec6697dc-245b-4cd1-8e8d-bbd68c1b22ab,Probably team on goal,2024-11-15,2024-12-08
186b244a-05b1-44b5-a54a-ab0da6268db2,a1a8f19e-b8e3-48fb-b3fd-3ced8fcf9679,cc79df22-e0a3-46f1-a55c-5aa4867bed3d,Maintain local really,2024-05-19,2024-05-23
67c522c3-467f-4dd5-8695-f3ad265b8af0,a1a8f19e-b8e3-48fb-b3fd-3ced8fcf9679,10d4677b-44a3-4dd8-bc50-2ab502deb0f8,Lose system when child,2024-07-04,2024-08-08
ed6f9bf0-98d6-4c6e-87f6-4b9e093f7dff,7bc51e87-8cca-4ea0-b1be-146b5c845476,9b7cad1c-8f8b-469b-bd3e-a38c2415059f,Very morning whose,2024-09-11,2024-11-01
4fbb99ca-4ec2-4746-88a6-bb609d636c52,e124fef0-849d-409b-a3f1-1ca28ff25b3c,10d4677b-44a3-4dd8-bc50-2ab502deb0f8,Lose system when child,2024-07-01,2024-08-29
861ab83e-9f76-414d-8695-aca03d764d2e,23223ea8-a94c-4295-94af-830fab9ed7a1,e43ff7a1-60b2-44c8-b82f-3926e812557e,Plant deep policy include,2025-01-20,2025-03-02
75a5da59-fb08-443d-98ce-ca610d04efcd,970aace4-91b6-4114-af19-89c89e30e1a9,51ca607d-e61b-4791-b55d-e99141bfb09d,Learn head help war world,2024-08-26,2024-09-12
e3a699c9-8226-4254-9bcd-c0e57bccdd44,65b01d61-c6ef-4695-8853-39e9a6e43c0d,94f7ba70-f0b5-46ad-abaa-22a7f2256347,Year what most toward role a,2024-06-22,2024-08-11
318c24f5-e60e-486b-95f4-e1432c082e3f,ec8f5745-3917-4c5c-8731-e520659bf3f0,10d4677b-44a3-4dd8-bc50-2ab502deb0f8,Lose system when child,2025-01-25,2025-03-25
4ea2bb0b-eb37-4479-bda6-9cb30b69c364,d15a7a29-7773-4ed8-a4a0-8731c71eb6ba,3a2f196e-6dfb-4c17-b778-4bc1be4144b4,Fund reality question few,2025-04-28,2025-05-25
985fc0df-3c32-44a0-81a1-301835726c1c,b7cc8c61-6d5a-4d8c-aa4f-7e18172387d9,3a2f196e-6dfb-4c17-b778-4bc1be4144b4,Fund reality question few,2024-08-31,2024-09-16
6291582f-a9ea-4a0b-be54-07559d942ac3,c989e430-3a31-4fca-a62e-75793fee2efe,a6fae801-e5ca-4f71-86e5-d043428c1660,Degree term when,2025-03-28,2025-04-14
9d79c7ad-264b-42c6-89bd-1c7a11ae1d7e,ec9a756f-70b0-495d-8cbb-a9fc137b792c,d655fa78-78ad-43ec-b256-8b64187a977d,From we we phone,2024-12-01,2025-01-23
27de97d5-c7c8-4162-961b-63b0614bef96,53114c23-54b1-4818-8d5e-a5645dcb6e80,8e79d4f6-7732-408c-ac38-73e2de5e7832,Investment small key open,2025-04-12,2025-06-11
6873aeec-9e8b-4ff9-8665-73c766c9d03a,a1a8f19e-b8e3-48fb-b3fd-3ced8fcf9679,e717b6e0-6e07-4c66-a298-a0e57649971b,New oil walk on ever,2024-10-03,2024-10-18
85b09ed7-c06a-4b29-88dc-8b1b13ff046c,670c0bd8-e756-4015-bfa2-7f627bc33f16,e7f51bf6-b8a1-4ac3-9f86-799ba7b3207a,Security into difficult,2024-06-07,2024-07-11
fe96c037-f70a-47a1-8f13-84f9dec8b49f,40460ef8-c281-49da-a444-b0176e8c02b3,d655fa78-78ad-43ec-b256-8b64187a977d,From we we phone,2025-01-20,2025-02-13
bf0b374e-22a0-418d-9b50-2c8535391a6f,23223ea8-a94c-4295-94af-830fab9ed7a1,6ab796e0-d0bc-4de6-a563-367e00a995d2,Close article or close trade,2025-02-20,2025-03-23
0b38001f-58a5-42c7-b684-b1cd2bc6eb93,c3906a52-ebd7-4f31-a65b-411412584475,ceee4ef8-d283-4235-bf35-79b818239a93,Stay middle heavy next,2025-03-04,2025-03-26
4ac0e8c6-534a-432f-b3a4-13dce37a2b05,65b01d61-c6ef-4695-8853-39e9a6e43c0d,cc79df22-e0a3-46f1-a55c-5aa4867bed3d,Maintain local really,2025-02-19,2025-03-16
d571c264-dd12-4930-a634-d520e2ed416b,714e66da-6bf6-495f-8865-d4854856b375,e8ac8577-7765-4a92-9926-317ec1364b4b,Front reason senior,2024-12-11,2025-01-19
b9c2cb16-ec81-4b3e-a237-2baaffefe441,3ae64f36-1cb1-4e2b-9ce5-f5dc187c6225,e8ac8577-7765-4a92-9926-317ec1364b4b,Front reason senior,2024-12-15,2025-01-28
95647dbd-bfda-4837-a990-6be27559af11,fddf7b41-b246-4da8-b189-e1c6473a8c3e,e43ff7a1-60b2-44c8-b82f-3926e812557e,Plant deep policy include,2025-01-28,2025-02-20
b86347d8-6b28-4760-b796-53eb436cfbaf,64f46144-1c8a-4593-8b88-8639ab32d272,5b1fb557-7f00-40c8-a164-dc14b53da36d,Involve management theory,2025-04-29,2025-05-10
37d8cf7b-e6ed-4456-98da-f400889b98fe,2252c90d-4f13-4f68-bc5d-f39570fed872,51ca607d-e61b-4791-b55d-e99141bfb09d,Learn head help war world,2025-02-28,2025-04-15
983029b1-5667-44bf-b293-1cd6ea376762,ec8f5745-3917-4c5c-8731-e520659bf3f0,e97234a1-3f5a-4b9d-ada9-2f4b99d166ea,Team good number center,2024-05-25,2024-07-15
d0e1de0e-c724-4757-afc1-bba556b593e7,fddf7b41-b246-4da8-b189-e1c6473a8c3e,bf91d870-2d3a-4af6-b0b7-12bff3ea26c9,Billion lay moment past fine,2024-10-29,2024-11-28
677e70f6-0fe7-4293-aed9-ce06b462d252,3b961e27-6f37-4e7a-9740-b788433a33d3,9f43ec07-6a21-4ad4-b436-2c37a035a3ea,Million within new piece,2024-09-22,2024-09-30
d094c558-e946-40d5-ba82-c120fd30c8cc,e166c000-4ae8-48d5-83d6-8369e77a7a7a,10d4677b-44a3-4dd8-bc50-2ab502deb0f8,Lose system when child,2025-03-24,2025-04-09
ef55fece-49fc-4e20-acad-677b6f4cec53,7fc7e5b8-56b7-4ee1-8b55-f67d95817e5b,e97234a1-3f5a-4b9d-ada9-2f4b99d166ea,Team good number center,2025-02-13,2025-04-01
db81b280-8cca-47cd-8d33-2db2a86221d3,afcf4be9-0146-4d83-8bd5-f817e933b8d2,4e40e2ae-eef6-4ee9-9dbe-a856a868ce82,Summer reach white show,2024-08-24,2024-08-27
c7914c7b-30b9-4b6b-b7e9-bf885f402cf3,ad46283c-a0bb-4fa2-9183-26a4c970a584,cf726961-4139-49f7-8208-7ecad380179f,Long campaign let music,2024-09-19,2024-10-11
729436a7-746e-4bef-807c-63b94e9b4ae0,23223ea8-a94c-4295-94af-830fab9ed7a1,d655fa78-78ad-43ec-b256-8b64187a977d,From we we phone,2025-01-25,2025-03-10
d6e4ef3b-1b50-499a-8c50-7b3b1a7a340a,5d0c3fa9-a86a-4d74-85c8-61defd5ba83c,ea13988c-a89e-427b-9d7d-ae4e409bf186,Program best keep company,2025-01-24,2025-02-09
3648a191-d14b-44a9-837a-de208a902468,221f8b87-aaed-4dbf-b6ab-d47fac09555d,4e40e2ae-eef6-4ee9-9dbe-a856a868ce82,Summer reach white show,2024-08-19,2024-09-02
cc9fe822-7f20-4d86-aae3-a24db782f6f8,6bc675fc-8054-4035-9b2b-ec6e8b452ceb,6ab796e0-d0bc-4de6-a563-367e00a995d2,Close article or close trade,2024-11-29,2024-12-26
33bdeff5-7af2-466d-a695-de02ffbc9e74,e2ef39ed-4509-4b0c-bd73-44975db90e9e,9a3fb82f-5cce-4631-a749-23a964bd970e,Around ten strategy agent,2025-01-08,2025-02-26
3088e665-648b-4692-a835-5c3648da2cb7,ceaa9214-da7b-4c8e-b4e6-aa62b3e4ebaa,a6fae801-e5ca-4f71-86e5-d043428c1660,Degree term when,2025-01-13,2025-03-08
e1efc596-8e37-4e98-8f91-2a006720e902,30be14fb-cc74-4550-801f-2c2bdc61a0ed,bb057fd8-66b6-4c03-9fc9-6d4868cf9bce,We him happy,2025-04-13,2025-05-17
7a5035ac-aaf0-4dd3-8e43-69798f1097bc,e7b20013-b68a-45a5-83aa-babf7da478f5,4e40e2ae-eef6-4ee9-9dbe-a856a868ce82,Summer reach white show,2025-01-04,2025-02-08
771c1e36-6c3c-4631-b839-25adfdd2070c,cc5e0b9d-01d7-4d33-8adb-d3fb893bdf3d,dc349c6a-a272-41a1-98f6-89c52ab8f714,We air well the,2024-11-09,2024-11-15
290ceabf-2f46-4378-bcd3-fe844657c161,05597e10-9c99-4ec8-ada2-3d69a905f266,ef61c65a-376f-4caf-86a5-68a0b737a94b,Near even each edge some,2024-06-21,2024-07-16
ad68d63d-21c0-4586-ac39-d7f4a4864ad2,ed661a28-2735-43d1-bef3-2f8034796151,e8ac8577-7765-4a92-9926-317ec1364b4b,Front reason senior,2024-10-01,2024-10-31
b2851c8d-8035-4453-aabe-c0897f7d8a1a,2252c90d-4f13-4f68-bc5d-f39570fed872,4088c168-3e1e-40de-a834-42e5b6459882,Size mouth sort wife skill,2024-07-26,2024-08-18
a0727caa-759d-407a-a33f-a7e839c55921,05597e10-9c99-4ec8-ada2-3d69a905f266,65c4c2f3-fb37-4b34-8406-e99f0c20c25f,Message often tough inside,2025-03-02,2025-03-17
5c3b8081-7a97-4bc3-ba0a-ed06bf6b0f23,0c0f0013-0640-4b82-b12a-86c86db59c53,7cebe606-3f5f-4877-9446-d345aadde4a3,Specific common down,2024-06-26,2024-08-25
1e51e314-3b22-44b3-a93a-b100e7ca9a99,1a369d87-d46e-466c-8591-1307b5354b16,0c45bd05-b3a6-4764-8900-a5bdb2e1c31e,Tend main manage federal,2024-09-27,2024-11-24
5ad9e507-d813-4872-b52f-03fa2fbe6373,3107f514-6268-409a-8846-9888d37b166e,dc7672d2-1c1d-4ce2-b453-d3d74cae0969,Fire fish somebody old find,2024-09-20,2024-10-01
a5e248ce-6207-4e7a-9a84-feee762fdfb8,df35dabd-9f75-494a-a8d4-71d462aeb756,8e79d4f6-7732-408c-ac38-73e2de5e7832,Investment small key open,2024-05-17,2024-07-03
a762ed7f-33e4-46b6-8124-b569f92b05e2,b01a7d4e-a8cd-4fa3-ad59-1730094174ff,ef61c65a-376f-4caf-86a5-68a0b737a94b,Near even each edge some,2024-11-15,2025-01-11
30127c2d-f379-4b4d-8d66-e35e88ddee49,12723928-7446-467d-9f8e-9585f6ccef0b,4bb234a1-ef22-446c-b2c4-d7023025fe42,Woman scene find sense apply,2025-04-28,2025-06-03
07f20f23-7556-47f9-b73f-21d9376c2c9c,6cd706a1-6208-4f3e-90d4-dc987884ac31,e7f51bf6-b8a1-4ac3-9f86-799ba7b3207a,Security into difficult,2024-06-15,2024-08-01
a222ceaf-5d83-4e38-adb0-f658a8fa564b,12723928-7446-467d-9f8e-9585f6ccef0b,0c45bd05-b3a6-4764-8900-a5bdb2e1c31e,Tend main manage federal,2024-12-20,2025-01-06
b3b4a416-6c55-476f-992a-4d959716c176,05597e10-9c99-4ec8-ada2-3d69a905f266,bed2aca9-bb01-4f47-baba-2ab1a66f4286,Sure today old civil impact,2025-03-26,2025-05-12
58e98a9d-c395-421a-b318-d989ce5c2067,38b7792c-510d-41bc-9878-c8936217bff2,dc7672d2-1c1d-4ce2-b453-d3d74cae0969,Fire fish somebody old find,2025-04-27,2025-05-12
effaf6ba-021f-417c-94c4-47dcb9c065ed,c911ed52-dcbb-45f5-8dba-7aa9a59dcf1d,b43b958a-7f4e-4d53-844d-b47894dcb25b,Future main today throw,2024-10-17,2024-11-12
bbe3a1ab-205b-4066-bee8-1c36110ff97c,dab6e03b-71d9-4313-bc85-97c7d89f13e3,e97234a1-3f5a-4b9d-ada9-2f4b99d166ea,Team good number center,2025-03-06,2025-03-11
b4e29560-58c5-436a-86d8-fc9400798a0e,403a38fa-66fe-4a76-991c-e67159f474a6,af45d738-b5bd-4c5a-9aad-2e06708a4062,Above type ever,2024-08-09,2024-08-21
625ee7b6-4f9a-4aec-87eb-6764a3dc55b2,d15a7a29-7773-4ed8-a4a0-8731c71eb6ba,a6fae801-e5ca-4f71-86e5-d043428c1660,Degree term when,2024-10-21,2024-11-19
081c43ef-0bd3-41a9-9a15-2c55af34856d,9de59430-8b25-40a4-a3b9-1d10bb215781,4088c168-3e1e-40de-a834-42e5b6459882,Size mouth sort wife skill,2024-11-25,2024-12-19
c3c8e267-5366-43fc-95a4-a8ab8fb4b47f,987e7844-7a01-4a31-b537-afd3d40d437c,ef61c65a-376f-4caf-86a5-68a0b737a94b,Near even each edge some,2025-03-24,2025-04-16
fbb15025-ced6-4fc3-9fef-d4b4a8824aa7,403a38fa-66fe-4a76-991c-e67159f474a6,65c4c2f3-fb37-4b34-8406-e99f0c20c25f,Message often tough inside,2024-07-02,2024-08-05
132bc382-d0f9-4f9f-93f0-cb3af3892d1a,33cdcb81-8399-4e0f-8050-b1fe47f54c24,4ea205f0-a700-46fd-987a-48c18d953c52,Effect assume across,2024-09-12,2024-09-28
d9047104-7e73-4fad-a150-20c9e308a428,cc5e0b9d-01d7-4d33-8adb-d3fb893bdf3d,8ace5995-4a78-476c-83a6-68d65ccdde53,Public near step official,2024-06-25,2024-07-04
573c14b3-4de4-4bb5-aaab-31b8faeb0a5f,9de59430-8b25-40a4-a3b9-1d10bb215781,b9b24eb6-20ae-41d6-b480-e325f53e1650,Indicate child sit free tree,2024-10-18,2024-12-08
d2329544-0142-4232-b5c8-36b8bd627702,c989e430-3a31-4fca-a62e-75793fee2efe,9f43ec07-6a21-4ad4-b436-2c37a035a3ea,Million within new piece,2025-03-25,2025-04-15
cb689b34-328d-45ce-91c8-d6406ff14733,23223ea8-a94c-4295-94af-830fab9ed7a1,e97234a1-3f5a-4b9d-ada9-2f4b99d166ea,Team good number center,2024-10-25,2024-11-22
097416c1-e908-494a-b3db-5cef65862794,c12357b6-dbb7-477c-9fac-973bc4d61660,fb3a7e6b-2a59-4bf4-b553-8a6b856a3eff,Fund west sing,2024-11-05,2024-12-15
5b303310-81be-400f-ab65-125b8e830f07,670c0bd8-e756-4015-bfa2-7f627bc33f16,e97234a1-3f5a-4b9d-ada9-2f4b99d166ea,Team good number center,2025-04-17,2025-06-15
ff568f87-096f-4b75-a02d-0fdd65c2e5f9,785d0e00-7cc1-4f49-8310-8bb2263560ff,bed2aca9-bb01-4f47-baba-2ab1a66f4286,Sure today old civil impact,2024-12-06,2025-01-31
420d8ada-211c-4a41-936d-1c1b447df988,40460ef8-c281-49da-a444-b0176e8c02b3,9a3fb82f-5cce-4631-a749-23a964bd970e,Around ten strategy agent,2024-06-02,2024-06-21
357a4b16-5229-4c74-8571-2b4573e646b8,c0810924-95cf-4e5e-b506-eaeda32df380,3bfb64b8-3b5d-4990-a660-59282c9ca23e,Work student stay baby least,2024-09-09,2024-11-04
4aa845d8-fc47-4f26-9128-956338827e03,800fb79f-00b9-4396-9e7f-6023a2e8e768,e7f51bf6-b8a1-4ac3-9f86-799ba7b3207a,Security into difficult,2025-01-20,2025-03-05
23cb2600-0982-4a4f-8a4d-78fc951be77b,a1a8f19e-b8e3-48fb-b3fd-3ced8fcf9679,4ea205f0-a700-46fd-987a-48c18d953c52,Effect assume across,2024-05-17,2024-06-17
c26055b0-740e-4916-902d-567cc084aef4,87189de5-30fa-4213-939d-f59d1eebf097,4bb234a1-ef22-446c-b2c4-d7023025fe42,Woman scene find sense apply,2025-01-27,2025-01-28
3422b0b2-d504-4ccf-b7f0-f27c57379b8c,800fb79f-00b9-4396-9e7f-6023a2e8e768,bf91d870-2d3a-4af6-b0b7-12bff3ea26c9,Billion lay moment past fine,2024-07-28,2024-08-23
ef4f6f1b-8f79-40db-b4c2-4b3c7756653f,45a88833-2888-4251-b6b7-a51319b5f8cd,e97234a1-3f5a-4b9d-ada9-2f4b99d166ea,Team good number center,2024-07-28,2024-09-13
09d4279d-a695-4d0e-9424-fea50921934c,e166c000-4ae8-48d5-83d6-8369e77a7a7a,3a2f196e-6dfb-4c17-b778-4bc1be4144b4,Fund reality question few,2024-10-12,2024-12-09
76316db4-2232-4b85-9061-5377e821331a,670c0bd8-e756-4015-bfa2-7f627bc33f16,e8ac8577-7765-4a92-9926-317ec1364b4b,Front reason senior,2024-06-11,2024-07-06
eacf97e0-836f-4333-8382-b5d0d54efc08,3724dfa5-00ac-428e-9906-284106e882a2,fb3a7e6b-2a59-4bf4-b553-8a6b856a3eff,Fund west sing,2024-10-11,2024-12-06
76150378-c255-4348-9bd6-29f9379dfcea,d22aef1e-bf51-4caf-90cb-335dddb96632,cf726961-4139-49f7-8208-7ecad380179f,Long campaign let music,2024-06-18,2024-07-19
ca55e097-1a36-4127-a9f8-20ff57ed68df,64f46144-1c8a-4593-8b88-8639ab32d272,3a2f196e-6dfb-4c17-b778-4bc1be4144b4,Fund reality question few,2024-09-12,2024-09-22
28778575-d930-42c7-b0b4-9440b9a82a25,a1a8f19e-b8e3-48fb-b3fd-3ced8fcf9679,e717b6e0-6e07-4c66-a298-a0e57649971b,New oil walk on ever,2025-05-06,2025-05-14
dec9d0fc-01b4-4886-b0e9-da34bd28c910,24154e7a-8bde-4339-a99e-20abe87f1aa6,e43ff7a1-60b2-44c8-b82f-3926e812557e,Plant deep policy include,2025-03-24,2025-05-23
e14fd995-9ff7-49af-a1a6-4688b9013321,9af1210d-7397-429d-a641-0e5185248b70,ea13988c-a89e-427b-9d7d-ae4e409bf186,Program best keep company,2024-06-19,2024-07-14
d114860b-963e-4dce-9ba1-27346534850d,2252c90d-4f13-4f68-bc5d-f39570fed872,69a0e64a-8696-4481-bfbf-8b77f5de993b,Like forward special speech,2025-04-13,2025-04-19
07f582e9-9ed9-4ce2-9258-62f3339fe89a,9ad20519-d488-4bad-80fc-7303f5d3e1ea,3bfb64b8-3b5d-4990-a660-59282c9ca23e,Work student stay baby least,2024-07-12,2024-08-09
ed65607d-2406-4bcd-97e7-e57e93c6e534,c12357b6-dbb7-477c-9fac-973bc4d61660,4bb234a1-ef22-446c-b2c4-d7023025fe42,Woman scene find sense apply,2024-11-06,2024-12-17
0911925b-a70b-45f3-ac95-e110e84ee284,403a38fa-66fe-4a76-991c-e67159f474a6,795c817c-69fd-4824-bcbb-cf3102e5351d,Skin might fall well,2025-03-27,2025-04-24
c2c969d6-581a-4eea-9424-e19b26ce1f64,dab6e03b-71d9-4313-bc85-97c7d89f13e3,e92fa7cc-a0bb-48b0-883e-5f2d9de4701c,Happy really month rich,2025-01-03,2025-02-14
5ee5b2e6-8cb8-4f00-b742-db9677c99710,12723928-7446-467d-9f8e-9585f6ccef0b,bb057fd8-66b6-4c03-9fc9-6d4868cf9bce,We him happy,2024-05-30,2024-07-17
47785998-caea-4290-a5fd-4e806e35104d,ea48924b-ef0a-4dbb-9495-bf43b6055e14,5b1fb557-7f00-40c8-a164-dc14b53da36d,Involve management theory,2025-01-06,2025-01-10
e441e529-7566-4d39-90db-593e198997db,633fce8b-2c69-42e9-866b-a0668bf33ca2,bed2aca9-bb01-4f47-baba-2ab1a66f4286,Sure today old civil impact,2024-10-25,2024-11-25
19b29d67-4224-4f6f-bd4b-12f20a140469,3dcf5fdd-fc54-4ab1-a508-6af1ac153a1e,e43ff7a1-60b2-44c8-b82f-3926e812557e,Plant deep policy include,2024-08-15,2024-10-08
4e8cad28-f042-415e-b98c-566a5da7ef21,05597e10-9c99-4ec8-ada2-3d69a905f266,4ea205f0-a700-46fd-987a-48c18d953c52,Effect assume across,2025-03-25,2025-04-04
4bce10dc-84de-488f-88ac-4c08346e97aa,e124fef0-849d-409b-a3f1-1ca28ff25b3c,dc349c6a-a272-41a1-98f6-89c52ab8f714,We air well the,2024-07-21,2024-08-28
924653d6-0c6c-49e2-b538-56188d2ddb59,12723928-7446-467d-9f8e-9585f6ccef0b,ea13988c-a89e-427b-9d7d-ae4e409bf186,Program best keep company,2025-02-13,2025-04-11
623b88c1-279c-4c39-b223-1150d99b3d68,45a88833-2888-4251-b6b7-a51319b5f8cd,4ea205f0-a700-46fd-987a-48c18d953c52,Effect assume across,2025-04-08,2025-06-04
b2ede590-8418-4986-8964-a75e7a30b8bb,c12357b6-dbb7-477c-9fac-973bc4d61660,bb057fd8-66b6-4c03-9fc9-6d4868cf9bce,We him happy,2025-02-20,2025-03-11
1c66def2-a661-4154-9e6d-25a507573041,8688f3e9-9a95-4b9e-938b-63d32329abf6,4e40e2ae-eef6-4ee9-9dbe-a856a868ce82,Summer reach white show,2024-10-01,2024-10-28
371302ce-3ede-4a9c-84a8-a82919ad6871,7fc7e5b8-56b7-4ee1-8b55-f67d95817e5b,9a3fb82f-5cce-4631-a749-23a964bd970e,Around ten strategy agent,2025-05-06,2025-06-14
3f9e5d33-bdb1-4819-9fc3-91109f7fbc31,9af1210d-7397-429d-a641-0e5185248b70,bb057fd8-66b6-4c03-9fc9-6d4868cf9bce,We him happy,2024-06-13,2024-08-05
8412d5cd-29a4-4d0e-a91d-d50478836fc4,5e4dbae4-8745-4978-aea6-1f6f70b0c6e7,795c817c-69fd-4824-bcbb-cf3102e5351d,Skin might fall well,2024-10-12,2024-11-28
4f23899d-6acb-4ad2-91b1-6bcb64213d2f,f63c8cfb-2ac7-41a0-b877-c9fce28c1e9e,a6fae801-e5ca-4f71-86e5-d043428c1660,Degree term when,2025-02-24,2025-03-08
061a7289-19bc-4e16-98ea-51bc4db5b642,1834f9e1-92e8-47bd-bd1f-77dd190dec17,af45d738-b5bd-4c5a-9aad-2e06708a4062,Above type ever,2024-06-14,2024-07-16
58d14647-aeee-4247-9b63-03ded6239354,f63c8cfb-2ac7-41a0-b877-c9fce28c1e9e,3a2f196e-6dfb-4c17-b778-4bc1be4144b4,Fund reality question few,2024-08-15,2024-10-14
aba78322-08e3-4e78-9d46-3696de77d61f,4d039be5-0275-4925-b384-f1a06474511d,19cae7f5-5c41-41ee-a769-4d44d6fa08ce,Development radio there,2024-12-02,2025-01-06
9f12345a-2853-4c3c-91c8-fc82bc6e6388,726d1270-321c-423e-ae11-73f814447915,e7f51bf6-b8a1-4ac3-9f86-799ba7b3207a,Security into difficult,2024-06-12,2024-06-18
1f5bcc42-deff-49cf-a905-40b1cd77742e,f57a3bbe-6ca9-447e-bd03-81ab519d9b21,4ea205f0-a700-46fd-987a-48c18d953c52,Effect assume across,2025-03-05,2025-04-01
1f0b9007-dbe6-4172-a36c-1523ab076314,e2ef39ed-4509-4b0c-bd73-44975db90e9e,9f43ec07-6a21-4ad4-b436-2c37a035a3ea,Million within new piece,2025-05-03,2025-05-23
ffd83677-88ee-450f-9461-559acea0fcff,9af1210d-7397-429d-a641-0e5185248b70,10d4677b-44a3-4dd8-bc50-2ab502deb0f8,Lose system when child,2024-06-12,2024-07-12
b59d2c2e-3c05-4b57-a174-5a1348b5df43,9de59430-8b25-40a4-a3b9-1d10bb215781,7cebe606-3f5f-4877-9446-d345aadde4a3,Specific common down,2025-02-26,2025-03-25
077dd958-bd78-4429-882c-e75fe74cebbf,eda4028e-f6f5-4644-87cf-9093bb3b3f5a,4e40e2ae-eef6-4ee9-9dbe-a856a868ce82,Summer reach white show,2025-01-14,2025-03-04
64b9b740-51af-4889-b01f-eecdb532e50a,ed661a28-2735-43d1-bef3-2f8034796151,ceee4ef8-d283-4235-bf35-79b818239a93,Stay middle heavy next,2024-05-24,2024-07-03
23b67475-326f-4b79-93fb-a4d6a86cfbb4,0d78a626-3fa7-4866-9e09-089331a49f73,9a3fb82f-5cce-4631-a749-23a964bd970e,Around ten strategy agent,2024-08-11,2024-08-29
9d09efe8-15a3-4a65-9c50-01adfb2f86a5,ceaa9214-da7b-4c8e-b4e6-aa62b3e4ebaa,e8ac8577-7765-4a92-9926-317ec1364b4b,Front reason senior,2025-05-10,2025-05-15
5bdd22d5-26c6-47cf-8c91-beeb8a4d0fd1,ad46283c-a0bb-4fa2-9183-26a4c970a584,8e79d4f6-7732-408c-ac38-73e2de5e7832,Investment small key open,2025-03-20,2025-04-19
2a04033e-262c-4923-9b1b-3ec6fd173885,ceaa9214-da7b-4c8e-b4e6-aa62b3e4ebaa,8e79d4f6-7732-408c-ac38-73e2de5e7832,Investment small key open,2025-04-24,2025-05-29
e25cc5ae-8b85-48ce-ab96-8d1f9421df72,12723928-7446-467d-9f8e-9585f6ccef0b,d655fa78-78ad-43ec-b256-8b64187a977d,From we we phone,2024-12-22,2025-02-12
fa2fb05f-e883-429b-b112-af94c26e54b5,0c0f0013-0640-4b82-b12a-86c86db59c53,dc7672d2-1c1d-4ce2-b453-d3d74cae0969,Fire fish somebody old find,2025-01-30,2025-02-02
75e9d03c-595c-45fd-8204-2781767eee5e,1a369d87-d46e-466c-8591-1307b5354b16,e97234a1-3f5a-4b9d-ada9-2f4b99d166ea,Team good number center,2024-10-01,2024-10-08
346db107-80ba-4fe8-ab47-a310f9690bc5,e7b20013-b68a-45a5-83aa-babf7da478f5,b43b958a-7f4e-4d53-844d-b47894dcb25b,Future main today throw,2024-07-07,2024-08-30
6617a970-c7c9-4e26-a188-5bcbfeb44489,e166c000-4ae8-48d5-83d6-8369e77a7a7a,69a0e64a-8696-4481-bfbf-8b77f5de993b,Like forward special speech,2025-05-09,2025-06-21
af57c65c-65b1-4ed1-be39-62fee4a18366,3b961e27-6f37-4e7a-9740-b788433a33d3,7cebe606-3f5f-4877-9446-d345aadde4a3,Specific common down,2024-05-24,2024-06-22
8e4b6767-13db-446f-9ca4-7bb3e06726ba,c911ed52-dcbb-45f5-8dba-7aa9a59dcf1d,fb3a7e6b-2a59-4bf4-b553-8a6b856a3eff,Fund west sing,2024-10-20,2024-12-02
93805a98-61f0-4954-a4c4-b47482ae48e5,4d039be5-0275-4925-b384-f1a06474511d,69a0e64a-8696-4481-bfbf-8b77f5de993b,Like forward special speech,2025-02-13,2025-04-12
527eb160-6b00-4315-918a-91817f6b6354,85e43d57-398c-4488-b90a-6b6db5a877f6,8ace5995-4a78-476c-83a6-68d65ccdde53,Public near step official,2024-09-11,2024-10-14
9b3bcaa8-a5f4-4c7a-87c8-fce17468e679,e166c000-4ae8-48d5-83d6-8369e77a7a7a,3bfb64b8-3b5d-4990-a660-59282c9ca23e,Work student stay baby least,2025-02-10,2025-03-27
238d1f15-ce47-4a9f-a6a1-3dfdc28086c8,b7cc8c61-6d5a-4d8c-aa4f-7e18172387d9,fb3a7e6b-2a59-4bf4-b553-8a6b856a3eff,Fund west sing,2024-05-14,2024-06-18
9180ce54-1ac8-4ddf-b529-ab2262fc114c,477d8f91-135d-4ddb-97cf-b119f270cd0a,51ca607d-e61b-4791-b55d-e99141bfb09d,Learn head help war world,2025-01-18,2025-01-25
7b640aed-ddc7-4334-add3-5751b1fab14d,9af1210d-7397-429d-a641-0e5185248b70,8ace5995-4a78-476c-83a6-68d65ccdde53,Public near step official,2024-07-17,2024-07-26
082a20cb-e250-4767-b6ce-5fb4976f0c92,ad46283c-a0bb-4fa2-9183-26a4c970a584,3a2f196e-6dfb-4c17-b778-4bc1be4144b4,Fund reality question few,2025-04-07,2025-04-15
6dd459fc-c5f8-4e5e-983f-c36a2c546058,1a369d87-d46e-466c-8591-1307b5354b16,4bb234a1-ef22-446c-b2c4-d7023025fe42,Woman scene find sense apply,2024-06-13,2024-07-01
f618207e-82ad-4e13-936b-6ab6533ddf92,05597e10-9c99-4ec8-ada2-3d69a905f266,bf91d870-2d3a-4af6-b0b7-12bff3ea26c9,Billion lay moment past fine,2024-12-30,2025-01-02
233ca2df-eaf3-4a5a-ae95-b7d06b4b8af4,b01a7d4e-a8cd-4fa3-ad59-1730094174ff,7cebe606-3f5f-4877-9446-d345aadde4a3,Specific common down,2024-09-20,2024-10-10
58337297-bff0-4aa1-b380-5f24c1bd98a5,e124fef0-849d-409b-a3f1-1ca28ff25b3c,ec6697dc-245b-4cd1-8e8d-bbd68c1b22ab,Probably team on goal,2024-11-09,2024-11-21
ae072044-890c-43f6-a325-f27ce963ef2d,43b4d1bd-978e-48ad-81a0-dc0414a4bbb2,9b7cad1c-8f8b-469b-bd3e-a38c2415059f,Very morning whose,2024-08-13,2024-10-02
c1c32e54-6333-4761-a2a7-c19ab72d118e,1a369d87-d46e-466c-8591-1307b5354b16,0c45bd05-b3a6-4764-8900-a5bdb2e1c31e,Tend main manage federal,2025-04-29,2025-06-08
48651196-a788-4ecd-bcc1-5bbd19d89666,477d8f91-135d-4ddb-97cf-b119f270cd0a,ec6697dc-245b-4cd1-8e8d-bbd68c1b22ab,Probably team on goal,2024-09-20,2024-09-30
80bfdb21-bfec-4e12-abea-e664eb120cca,a415df3b-abeb-4645-a040-32e65b959aaf,4e40e2ae-eef6-4ee9-9dbe-a856a868ce82,Summer reach white show,2024-11-01,2024-11-10
3c59e5d3-9771-4b84-80bd-5e68e17b9122,670c0bd8-e756-4015-bfa2-7f627bc33f16,f33742ec-dce8-4b10-84d8-10c40ceb16c3,Happen hard feeling loss job,2025-04-10,2025-04-23
12983268-d4c3-417e-b064-8064556b32cc,f0c578c2-f00d-4ba5-a6e2-df85f0fe83d7,65c4c2f3-fb37-4b34-8406-e99f0c20c25f,Message often tough inside,2024-12-31,2025-02-03
9b7ebe4f-d6a0-4f22-9418-b7afe13653f5,d15a7a29-7773-4ed8-a4a0-8731c71eb6ba,bb057fd8-66b6-4c03-9fc9-6d4868cf9bce,We him happy,2025-04-07,2025-05-01
7061fd46-92c2-4a90-8c6c-9bf5315da5ba,e124fef0-849d-409b-a3f1-1ca28ff25b3c,b43b958a-7f4e-4d53-844d-b47894dcb25b,Future main today throw,2024-12-20,2025-01-28
92b6563e-fa76-4d11-ab28-a7720ee39c14,24154e7a-8bde-4339-a99e-20abe87f1aa6,ea13988c-a89e-427b-9d7d-ae4e409bf186,Program best keep company,2025-02-21,2025-04-14
fc538902-6d79-498d-9c81-5236b982434c,f0c578c2-f00d-4ba5-a6e2-df85f0fe83d7,51ca607d-e61b-4791-b55d-e99141bfb09d,Learn head help war world,2025-04-22,2025-05-03
2b590da4-ef7b-4d10-9853-cbdee556cbdd,7e74c379-b0c6-448e-9640-b33cc77acc4c,cf726961-4139-49f7-8208-7ecad380179f,Long campaign let music,2025-04-17,2025-05-27
481cf46f-36e7-4f9d-84de-415d8224c485,53114c23-54b1-4818-8d5e-a5645dcb6e80,8ace5995-4a78-476c-83a6-68d65ccdde53,Public near step official,2025-04-11,2025-05-06
a69f0deb-fed9-4b5b-93fa-481ffaeaead6,43b4d1bd-978e-48ad-81a0-dc0414a4bbb2,ca154ed0-0987-483a-8ffc-4aeb92698e5b,Do resource add,2025-03-16,2025-03-26
1ffe7f18-15d9-4086-99f9-6a9dff5ecf97,64f46144-1c8a-4593-8b88-8639ab32d272,cc79df22-e0a3-46f1-a55c-5aa4867bed3d,Maintain local really,2024-09-02,2024-10-11
4ce8d366-3eb2-4908-9115-f93e93b33b7b,e124fef0-849d-409b-a3f1-1ca28ff25b3c,b43b958a-7f4e-4d53-844d-b47894dcb25b,Future main today throw,2024-06-02,2024-06-03
d8f8a06f-909f-4cfd-b458-eda4cb0d16dd,e2ef39ed-4509-4b0c-bd73-44975db90e9e,e7f51bf6-b8a1-4ac3-9f86-799ba7b3207a,Security into difficult,2024-10-17,2024-12-01
83a740db-770e-4e69-8de9-44ec461dac9e,85e43d57-398c-4488-b90a-6b6db5a877f6,9b7cad1c-8f8b-469b-bd3e-a38c2415059f,Very morning whose,2024-07-27,2024-08-25
010e5e54-a882-4ee7-a541-efd6fd7294e6,7fc7e5b8-56b7-4ee1-8b55-f67d95817e5b,e8ac8577-7765-4a92-9926-317ec1364b4b,Front reason senior,2024-07-12,2024-09-08
bc8a410a-ac8d-4b7f-8cd8-a60847fb2e9f,726d1270-321c-423e-ae11-73f814447915,e97234a1-3f5a-4b9d-ada9-2f4b99d166ea,Team good number center,2024-06-28,2024-07-22
341efaea-e52a-4b7f-abbf-63f06f7f588f,cc5e0b9d-01d7-4d33-8adb-d3fb893bdf3d,ca154ed0-0987-483a-8ffc-4aeb92698e5b,Do resource add,2025-03-12,2025-04-15
7c2fb0ef-e333-49a1-b0ae-4deff515a43f,9a54e78c-0b71-4654-9ae2-cd6a0dc1aff2,9d4db695-aba0-4edf-8813-fbee9727ffe8,Wife room until spend who,2024-08-01,2024-08-23
ed98aa90-8291-44cf-b07a-ffbf4714763c,ec9a756f-70b0-495d-8cbb-a9fc137b792c,cf726961-4139-49f7-8208-7ecad380179f,Long campaign let music,2024-12-19,2025-01-05
78e764f9-7af8-422d-9416-196709ca6bf6,3107f514-6268-409a-8846-9888d37b166e,e43ff7a1-60b2-44c8-b82f-3926e812557e,Plant deep policy include,2024-12-23,2025-01-29
36709fb0-87fc-468d-8b66-a61cc943bea5,c12357b6-dbb7-477c-9fac-973bc4d61660,ceee4ef8-d283-4235-bf35-79b818239a93,Stay middle heavy next,2024-11-17,2024-12-28
43b582fb-dfeb-4ec9-bf0b-6fa2c571b816,714e66da-6bf6-495f-8865-d4854856b375,6ab796e0-d0bc-4de6-a563-367e00a995d2,Close article or close trade,2025-01-04,2025-02-03
cb8c751d-2d61-4cad-964d-097dc89a4bf5,a8ba3dce-9e5a-47d7-bf2d-21dd574c8275,7cebe606-3f5f-4877-9446-d345aadde4a3,Specific common down,2024-05-31,2024-07-12
1a76169b-9ab8-4e9f-b690-f8a602c1db50,3107f514-6268-409a-8846-9888d37b166e,bf91d870-2d3a-4af6-b0b7-12bff3ea26c9,Billion lay moment past fine,2024-07-14,2024-08-25
5470dc8e-035a-4589-89ba-cdcdd8bf7c48,dab6e03b-71d9-4313-bc85-97c7d89f13e3,9f43ec07-6a21-4ad4-b436-2c37a035a3ea,Million within new piece,2024-10-19,2024-11-21
1c6d3926-be62-44a3-9756-d4a20797edbc,1834f9e1-92e8-47bd-bd1f-77dd190dec17,795c817c-69fd-4824-bcbb-cf3102e5351d,Skin might fall well,2025-02-27,2025-04-22
dcd33782-5092-4d9f-bdb9-f0c05a0dd85e,ad46283c-a0bb-4fa2-9183-26a4c970a584,a6fae801-e5ca-4f71-86e5-d043428c1660,Degree term when,2024-10-24,2024-11-21
fc093d21-f974-47ff-b44b-64f942583794,33cdcb81-8399-4e0f-8050-b1fe47f54c24,b9b24eb6-20ae-41d6-b480-e325f53e1650,Indicate child sit free tree,2024-09-23,2024-09-25
d2699dc2-6257-417f-b38a-5e8c728400b7,e166c000-4ae8-48d5-83d6-8369e77a7a7a,a6fae801-e5ca-4f71-86e5-d043428c1660,Degree term when,2024-06-27,2024-08-25
def420a0-4e60-42be-a01b-b5ee21061cf3,7fc7e5b8-56b7-4ee1-8b55-f67d95817e5b,bed2aca9-bb01-4f47-baba-2ab1a66f4286,Sure today old civil impact,2025-04-24,2025-05-31
def95972-89dd-46f2-838e-f66a1c0d8bc4,a1a8f19e-b8e3-48fb-b3fd-3ced8fcf9679,e8ac8577-7765-4a92-9926-317ec1364b4b,Front reason senior,2024-06-05,2024-07-27
c3f6bef8-51f6-45bd-9114-cc1b0e17cac6,0d78a626-3fa7-4866-9e09-089331a49f73,94f7ba70-f0b5-46ad-abaa-22a7f2256347,Year what most toward role a,2024-07-15,2024-08-21
cf1db28c-77b5-4ce3-ac3c-71358773f47a,05597e10-9c99-4ec8-ada2-3d69a905f266,cc79df22-e0a3-46f1-a55c-5aa4867bed3d,Maintain local really,2025-02-20,2025-04-20
eefec5fe-0dbd-4f84-a6ef-8032195fb4d5,30be14fb-cc74-4550-801f-2c2bdc61a0ed,e717b6e0-6e07-4c66-a298-a0e57649971b,New oil walk on ever,2024-08-10,2024-08-18
7e504fb4-e01c-4c7f-be41-c03369297491,ed661a28-2735-43d1-bef3-2f8034796151,9f43ec07-6a21-4ad4-b436-2c37a035a3ea,Million within new piece,2024-06-14,2024-06-22
8b169fd2-2bcd-4976-9c11-bc36116d29a6,a1a8f19e-b8e3-48fb-b3fd-3ced8fcf9679,e717b6e0-6e07-4c66-a298-a0e57649971b,New oil walk on ever,2024-08-15,2024-08-30
d0829feb-ab99-453a-a2ee-aafc7e17aed5,cc5e0b9d-01d7-4d33-8adb-d3fb893bdf3d,94f7ba70-f0b5-46ad-abaa-22a7f2256347,Year what most toward role a,2024-08-13,2024-09-13
59353a60-feca-473e-888a-7cfb872c3605,7bc51e87-8cca-4ea0-b1be-146b5c845476,795c817c-69fd-4824-bcbb-cf3102e5351d,Skin might fall well,2024-10-30,2024-12-13
7ff9015a-1cbe-4222-91ea-e456b8075a34,9ad20519-d488-4bad-80fc-7303f5d3e1ea,65c4c2f3-fb37-4b34-8406-e99f0c20c25f,Message often tough inside,2024-09-14,2024-10-20
02d5f0ad-d1b9-43b6-819c-454303fe5152,5ee2f0a3-38cb-406e-97a0-395f793772e6,69a0e64a-8696-4481-bfbf-8b77f5de993b,Like forward special speech,2024-11-14,2024-12-23
f21b23cb-f03a-48c8-b42c-3a57f736cce2,fddf7b41-b246-4da8-b189-e1c6473a8c3e,8e79d4f6-7732-408c-ac38-73e2de5e7832,Investment small key open,2024-12-27,2024-12-28
728ca56b-708b-4d4a-bd82-284232315725,b7cc8c61-6d5a-4d8c-aa4f-7e18172387d9,b43b958a-7f4e-4d53-844d-b47894dcb25b,Future main today throw,2025-03-27,2025-05-08
7db2c568-31d3-4bec-9cc0-46923117f781,3468dfad-02de-4ecb-a12e-95b337e77545,cf726961-4139-49f7-8208-7ecad380179f,Long campaign let music,2025-05-05,2025-06-01
45df6fb2-4a4b-4bb9-86c3-788349118d9e,633fce8b-2c69-42e9-866b-a0668bf33ca2,b43b958a-7f4e-4d53-844d-b47894dcb25b,Future main today throw,2024-09-29,2024-10-08
b1f17d52-c566-45e5-b632-4a337f5aca16,10cac449-cb06-4e03-bb9d-4589711d9bd4,e92fa7cc-a0bb-48b0-883e-5f2d9de4701c,Happy really month rich,2025-04-10,2025-06-01
0df64b21-9666-4c83-83f1-013ea4c94c20,3ae64f36-1cb1-4e2b-9ce5-f5dc187c6225,10d4677b-44a3-4dd8-bc50-2ab502deb0f8,Lose system when child,2024-11-02,2024-11-04
a588ff7c-8963-46d1-bbc1-d2efbac0fd06,5ee2f0a3-38cb-406e-97a0-395f793772e6,3a2f196e-6dfb-4c17-b778-4bc1be4144b4,Fund reality question few,2024-09-09,2024-09-14
741ac9ff-9e4f-4736-b0b3-ec736bc1cd4c,2894fb4f-3c13-4965-9f91-70184697d761,e92fa7cc-a0bb-48b0-883e-5f2d9de4701c,Happy really month rich,2024-10-21,2024-10-25
f0668102-7603-4eb2-8006-53a849d6ab8a,ec9a756f-70b0-495d-8cbb-a9fc137b792c,69a0e64a-8696-4481-bfbf-8b77f5de993b,Like forward special speech,2024-05-18,2024-07-17
6b29aed2-573e-457b-b163-b367c92db4af,7fc7e5b8-56b7-4ee1-8b55-f67d95817e5b,b9b24eb6-20ae-41d6-b480-e325f53e1650,Indicate child sit free tree,2025-05-11,2025-07-09
76d6b876-da44-410c-8766-86f8da2a9073,0f10ce2b-8264-43b1-8686-65c3eff24a13,bb057fd8-66b6-4c03-9fc9-6d4868cf9bce,We him happy,2025-04-06,2025-05-21
28b7332f-5541-4171-9162-912296c426d0,9a406154-f22d-4c34-94de-055ce4629f81,10d4677b-44a3-4dd8-bc50-2ab502deb0f8,Lose system when child,2024-10-08,2024-11-09
26900a42-b238-4889-8909-3d61aa086b11,ea48924b-ef0a-4dbb-9495-bf43b6055e14,9b7cad1c-8f8b-469b-bd3e-a38c2415059f,Very morning whose,2024-08-12,2024-08-29
e9f8982b-5d11-4655-a974-3e228f98677b,65b01d61-c6ef-4695-8853-39e9a6e43c0d,4e40e2ae-eef6-4ee9-9dbe-a856a868ce82,Summer reach white show,2025-01-20,2025-02-26
49196ac1-5363-4b60-b76c-78c6650a9714,85e43d57-398c-4488-b90a-6b6db5a877f6,e97234a1-3f5a-4b9d-ada9-2f4b99d166ea,Team good number center,2024-06-02,2024-07-04
96cff512-6944-46f0-a43a-43ffa66178fb,714e66da-6bf6-495f-8865-d4854856b375,e97234a1-3f5a-4b9d-ada9-2f4b99d166ea,Team good number center,2024-10-03,2024-11-14
e6607135-9645-4fa5-b2c6-c10c4d1fecdd,5ee2f0a3-38cb-406e-97a0-395f793772e6,cf726961-4139-49f7-8208-7ecad380179f,Long campaign let music,2024-11-02,2024-11-29
178fc7ff-de2d-46f7-934b-3d03825b9280,2894fb4f-3c13-4965-9f91-70184697d761,ea13988c-a89e-427b-9d7d-ae4e409bf186,Program best keep company,2024-10-27,2024-12-10
1cd94ac2-c900-402c-b849-f71123d750cb,3b961e27-6f37-4e7a-9740-b788433a33d3,af45d738-b5bd-4c5a-9aad-2e06708a4062,Above type ever,2025-01-06,2025-02-25
b90ad1b7-600b-4a9d-b3a3-f449ebde8ba5,633fce8b-2c69-42e9-866b-a0668bf33ca2,cf726961-4139-49f7-8208-7ecad380179f,Long campaign let music,2025-04-10,2025-05-13
a5a7aa37-783d-483a-bcd4-70e994b5bbb7,cc5e0b9d-01d7-4d33-8adb-d3fb893bdf3d,b43b958a-7f4e-4d53-844d-b47894dcb25b,Future main today throw,2024-08-11,2024-08-20
25dc4c70-287f-4693-9249-59b11b686bab,4d039be5-0275-4925-b384-f1a06474511d,ea13988c-a89e-427b-9d7d-ae4e409bf186,Program best keep company,2025-02-08,2025-02-13
f5a72b2c-ff5c-4593-9ae6-784a79186ac2,fddf7b41-b246-4da8-b189-e1c6473a8c3e,b9b24eb6-20ae-41d6-b480-e325f53e1650,Indicate child sit free tree,2025-01-06,2025-02-11
d1353eba-bd3a-4e06-a715-736ecdc1fa53,a8ba3dce-9e5a-47d7-bf2d-21dd574c8275,19cae7f5-5c41-41ee-a769-4d44d6fa08ce,Development radio there,2025-04-07,2025-04-28
a28eac6c-7d2e-4422-939a-57734cf68c20,670c0bd8-e756-4015-bfa2-7f627bc33f16,4ea205f0-a700-46fd-987a-48c18d953c52,Effect assume across,2024-08-04,2024-08-12
20036d62-cee1-43e4-bffc-f1d84e7357b6,3ae64f36-1cb1-4e2b-9ce5-f5dc187c6225,4088c168-3e1e-40de-a834-42e5b6459882,Size mouth sort wife skill,2024-10-24,2024-11-11
95215017-39d4-425c-bdbe-d64cc4fde2b6,2894fb4f-3c13-4965-9f91-70184697d761,8e79d4f6-7732-408c-ac38-73e2de5e7832,Investment small key open,2024-05-17,2024-07-05
1d0b09e9-b871-4212-8599-c53ee52507a4,800fb79f-00b9-4396-9e7f-6023a2e8e768,fecfb147-4d10-4c27-9de4-c15884d3d306,Agreement pressure north,2025-02-21,2025-03-06
482e58db-075e-49a8-9013-c672eca0689b,c12357b6-dbb7-477c-9fac-973bc4d61660,4bb234a1-ef22-446c-b2c4-d7023025fe42,Woman scene find sense apply,2024-06-19,2024-06-20
9e6acba9-b725-4b88-9728-3cf14572a634,9de59430-8b25-40a4-a3b9-1d10bb215781,0c45bd05-b3a6-4764-8900-a5bdb2e1c31e,Tend main manage federal,2024-06-16,2024-06-17
73e7648e-e423-4e71-b5f8-0f1da0041120,3b961e27-6f37-4e7a-9740-b788433a33d3,4e40e2ae-eef6-4ee9-9dbe-a856a868ce82,Summer reach white show,2024-07-10,2024-08-22
6bf9c1b7-d366-4e4e-991f-4be8e1d5960c,9ad20519-d488-4bad-80fc-7303f5d3e1ea,ca154ed0-0987-483a-8ffc-4aeb92698e5b,Do resource add,2024-07-03,2024-07-20
afbf641c-a2d7-468e-8f14-459697c5824f,24154e7a-8bde-4339-a99e-20abe87f1aa6,f33742ec-dce8-4b10-84d8-10c40ceb16c3,Happen hard feeling loss job,2025-03-12,2025-03-22
66c0c329-c998-487e-bf64-ce1f0a5eb5b5,726d1270-321c-423e-ae11-73f814447915,f33742ec-dce8-4b10-84d8-10c40ceb16c3,Happen hard feeling loss job,2025-03-20,2025-04-26
339cf645-3a87-468e-8a61-fdebcded203b,c3906a52-ebd7-4f31-a65b-411412584475,af45d738-b5bd-4c5a-9aad-2e06708a4062,Above type ever,2025-02-23,2025-03-29
390fb380-f852-47e7-b76a-3d3d42e38856,c3906a52-ebd7-4f31-a65b-411412584475,9b7cad1c-8f8b-469b-bd3e-a38c2415059f,Very morning whose,2025-02-18,2025-02-25
1ad5e1d9-de00-4a18-8ce2-2f01059da187,e124fef0-849d-409b-a3f1-1ca28ff25b3c,4ea205f0-a700-46fd-987a-48c18d953c52,Effect assume across,2024-09-29,2024-10-22
d78366f2-42d7-4214-9a04-63b064c1e1e7,e7b20013-b68a-45a5-83aa-babf7da478f5,ea13988c-a89e-427b-9d7d-ae4e409bf186,Program best keep company,2024-11-23,2024-12-10
d69a0d85-f30d-45e5-8b8f-2458aabd5b7d,dab6e03b-71d9-4313-bc85-97c7d89f13e3,9a3fb82f-5cce-4631-a749-23a964bd970e,Around ten strategy agent,2024-10-15,2024-10-28
8c05f0b5-8179-43b6-804a-d255332bd06f,3ae64f36-1cb1-4e2b-9ce5-f5dc187c6225,cf726961-4139-49f7-8208-7ecad380179f,Long campaign let music,2024-07-24,2024-09-19
06f0d682-ced0-4645-b2a1-5bcacfd1c7ca,65b01d61-c6ef-4695-8853-39e9a6e43c0d,e92fa7cc-a0bb-48b0-883e-5f2d9de4701c,Happy really month rich,2025-02-14,2025-03-02
abbcb64d-1a07-4c68-aa8c-73818309ece7,d15a7a29-7773-4ed8-a4a0-8731c71eb6ba,9d4db695-aba0-4edf-8813-fbee9727ffe8,Wife room until spend who,2025-01-21,2025-02-22
6723da14-5150-4360-b0fe-3d468176e649,5d0c3fa9-a86a-4d74-85c8-61defd5ba83c,ef61c65a-376f-4caf-86a5-68a0b737a94b,Near even each edge some,2024-09-19,2024-11-07
490e4b67-31aa-4af5-b0c0-e8ee8c67d66d,970aace4-91b6-4114-af19-89c89e30e1a9,4088c168-3e1e-40de-a834-42e5b6459882,Size mouth sort wife skill,2025-01-01,2025-01-31
96e85f26-28d9-48b7-90f1-64f9aef20118,633fce8b-2c69-42e9-866b-a0668bf33ca2,cf726961-4139-49f7-8208-7ecad380179f,Long campaign let music,2024-08-21,2024-08-26
f99d70e2-4154-4f34-90ac-aa6f1efbf73f,9a54e78c-0b71-4654-9ae2-cd6a0dc1aff2,4ea205f0-a700-46fd-987a-48c18d953c52,Effect assume across,2025-04-19,2025-06-14
a9c36313-fbb2-4d75-9897-145335238c63,afcf4be9-0146-4d83-8bd5-f817e933b8d2,fb3a7e6b-2a59-4bf4-b553-8a6b856a3eff,Fund west sing,2025-04-04,2025-05-22
8424b8f6-608f-45c9-894e-51b84b2e77fc,a415df3b-abeb-4645-a040-32e65b959aaf,ef61c65a-376f-4caf-86a5-68a0b737a94b,Near even each edge some,2025-02-26,2025-04-07
fabd892d-4950-4c8b-a330-9f38698d28c8,d15a7a29-7773-4ed8-a4a0-8731c71eb6ba,7cebe606-3f5f-4877-9446-d345aadde4a3,Specific common down,2024-05-14,2024-05-23
2c54ac92-91ec-4d4b-9b8d-1e9bde11cfca,0d78a626-3fa7-4866-9e09-089331a49f73,3a2f196e-6dfb-4c17-b778-4bc1be4144b4,Fund reality question few,2024-08-06,2024-09-13
13705c70-075a-4701-a394-fa70c0439acb,670c0bd8-e756-4015-bfa2-7f627bc33f16,53adc915-8805-4a9a-bfe7-429c9c69c3b1,Civil next choose,2024-05-11,2024-07-03
4a68b9a3-52ff-49da-99c5-7f7bf337ac00,ec9a756f-70b0-495d-8cbb-a9fc137b792c,fecfb147-4d10-4c27-9de4-c15884d3d306,Agreement pressure north,2024-08-01,2024-09-14
32389b08-d50b-4546-b601-983c2925e4d3,3468dfad-02de-4ecb-a12e-95b337e77545,4bb234a1-ef22-446c-b2c4-d7023025fe42,Woman scene find sense apply,2025-02-04,2025-03-12
21c44a44-f714-4bd1-999c-7118a71115a9,3724dfa5-00ac-428e-9906-284106e882a2,e8ac8577-7765-4a92-9926-317ec1364b4b,Front reason senior,2024-11-03,2024-11-28
9228c45e-9943-484b-a73a-2af1656e3231,726d1270-321c-423e-ae11-73f814447915,b43b958a-7f4e-4d53-844d-b47894dcb25b,Future main today throw,2024-07-05,2024-08-13
f313ad86-3162-4bf9-ba49-5a18df21ce24,6c344aba-20cd-42d3-a25b-35c2d9550dfa,b9b24eb6-20ae-41d6-b480-e325f53e1650,Indicate child sit free tree,2024-07-21,2024-09-01
3b590ad1-f14a-4433-948c-81f91a839921,df35dabd-9f75-494a-a8d4-71d462aeb756,af45d738-b5bd-4c5a-9aad-2e06708a4062,Above type ever,2025-01-06,2025-01-07
3a427206-399f-4b18-878d-bfcb749d7d20,a1a8f19e-b8e3-48fb-b3fd-3ced8fcf9679,3bfb64b8-3b5d-4990-a660-59282c9ca23e,Work student stay baby least,2024-05-23,2024-07-19
6962bb3c-27f1-4e9f-b36d-bc7b4cb55c81,2894fb4f-3c13-4965-9f91-70184697d761,f33742ec-dce8-4b10-84d8-10c40ceb16c3,Happen hard feeling loss job,2024-12-18,2024-12-25
d56fc9c9-beab-46b1-b2e1-7f68512938a4,f63c8cfb-2ac7-41a0-b877-c9fce28c1e9e,bb057fd8-66b6-4c03-9fc9-6d4868cf9bce,We him happy,2025-04-21,2025-06-17
a1f96451-0f38-4b5d-91e4-1e5506b2ad45,477d8f91-135d-4ddb-97cf-b119f270cd0a,53adc915-8805-4a9a-bfe7-429c9c69c3b1,Civil next choose,2024-06-06,2024-07-02
130e9649-5962-4a6f-aa74-e13e835f97ed,10cac449-cb06-4e03-bb9d-4589711d9bd4,b43b958a-7f4e-4d53-844d-b47894dcb25b,Future main today throw,2024-06-23,2024-06-24
bb92cb6b-3483-4443-91ac-cdb95f82f04b,2a8bd5a6-82c9-41f5-9bfc-d20e4850b576,bb057fd8-66b6-4c03-9fc9-6d4868cf9bce,We him happy,2024-12-26,2025-02-09
23125086-2c41-45f7-acf1-dd7078345a6a,c3906a52-ebd7-4f31-a65b-411412584475,ceee4ef8-d283-4235-bf35-79b818239a93,Stay middle heavy next,2025-01-16,2025-02-13
8cfad3b7-6c0f-49d9-adb6-67c994365a72,7e74c379-b0c6-448e-9640-b33cc77acc4c,8ace5995-4a78-476c-83a6-68d65ccdde53,Public near step official,2024-12-03,2025-01-02
d2641b7c-91d8-45ee-98bb-7fc6778c7a1b,ec9a756f-70b0-495d-8cbb-a9fc137b792c,ca154ed0-0987-483a-8ffc-4aeb92698e5b,Do resource add,2025-01-08,2025-02-25
5607588e-0520-47fa-aaa0-4757d35cdcf4,85e43d57-398c-4488-b90a-6b6db5a877f6,dc349c6a-a272-41a1-98f6-89c52ab8f714,We air well the,2024-11-09,2024-12-20
1a2e9ebd-66c2-4967-9ce8-31901167b4c8,477d8f91-135d-4ddb-97cf-b119f270cd0a,ec6697dc-245b-4cd1-8e8d-bbd68c1b22ab,Probably team on goal,2024-09-05,2024-11-04
a56d53d5-6ff4-4c6c-9a37-7cc6a66ab946,b01a7d4e-a8cd-4fa3-ad59-1730094174ff,4ea205f0-a700-46fd-987a-48c18d953c52,Effect assume across,2025-03-20,2025-05-15
184684f1-bfb3-4b8e-ad99-5f022fb4e263,9a54e78c-0b71-4654-9ae2-cd6a0dc1aff2,9d4db695-aba0-4edf-8813-fbee9727ffe8,Wife room until spend who,2024-11-29,2024-12-08
be38e830-b991-4fe1-953d-2674f3ae5645,e7b20013-b68a-45a5-83aa-babf7da478f5,7cebe606-3f5f-4877-9446-d345aadde4a3,Specific common down,2025-04-02,2025-04-15
6515a4e6-8e02-41ba-9a13-8816340a4a83,dab6e03b-71d9-4313-bc85-97c7d89f13e3,af45d738-b5bd-4c5a-9aad-2e06708a4062,Above type ever,2025-01-16,2025-03-07
3d1c71aa-c8d7-44aa-8405-fb7cdffc7581,8762d4ba-6888-4a2f-b0f3-f78470ba5656,53adc915-8805-4a9a-bfe7-429c9c69c3b1,Civil next choose,2024-08-26,2024-10-09
83b348fd-458f-4ea7-b754-a1bddcb3f6b4,45a88833-2888-4251-b6b7-a51319b5f8cd,cc79df22-e0a3-46f1-a55c-5aa4867bed3d,Maintain local really,2025-02-05,2025-02-13
5131278d-2499-4ebb-9816-cc6cb48ae50d,3ae64f36-1cb1-4e2b-9ce5-f5dc187c6225,e92fa7cc-a0bb-48b0-883e-5f2d9de4701c,Happy really month rich,2024-12-25,2025-01-04
ff8c7658-8630-4850-8fe4-6d96f6bd547a,12723928-7446-467d-9f8e-9585f6ccef0b,8ace5995-4a78-476c-83a6-68d65ccdde53,Public near step official,2025-01-22,2025-03-04
e5136e33-7b31-4d11-a4eb-fd374ad791fa,7bc51e87-8cca-4ea0-b1be-146b5c845476,b43b958a-7f4e-4d53-844d-b47894dcb25b,Future main today throw,2024-06-16,2024-07-26
82d80f98-342b-40bd-b39a-2774647ed719,23223ea8-a94c-4295-94af-830fab9ed7a1,ea13988c-a89e-427b-9d7d-ae4e409bf186,Program best keep company,2024-06-07,2024-06-25
7bd4ba81-12ea-4b2f-a1ad-5b56b27032dd,ec9a756f-70b0-495d-8cbb-a9fc137b792c,bb057fd8-66b6-4c03-9fc9-6d4868cf9bce,We him happy,2024-10-05,2024-11-09
b18cd50d-243b-4232-9f81-1b8d8e2d0a66,6c344aba-20cd-42d3-a25b-35c2d9550dfa,6ab796e0-d0bc-4de6-a563-367e00a995d2,Close article or close trade,2024-10-30,2024-11-17
734628c1-fb25-4001-a4d0-532357eb1bca,24d8c93c-1af8-4145-8b09-76e1db4df34f,4088c168-3e1e-40de-a834-42e5b6459882,Size mouth sort wife skill,2024-12-16,2024-12-23
647c5637-4c5b-43db-90d5-984707f51c2e,3ae64f36-1cb1-4e2b-9ce5-f5dc187c6225,10d4677b-44a3-4dd8-bc50-2ab502deb0f8,Lose system when child,2025-01-10,2025-02-26
67654a6f-3bbd-4c50-ac2b-f7e46a692663,9a406154-f22d-4c34-94de-055ce4629f81,e43ff7a1-60b2-44c8-b82f-3926e812557e,Plant deep policy include,2024-06-07,2024-06-25
90206044-c16f-4bcb-a8a8-c5c3a839c002,64f46144-1c8a-4593-8b88-8639ab32d272,9f43ec07-6a21-4ad4-b436-2c37a035a3ea,Million within new piece,2025-03-01,2025-03-27
32b584da-1317-4e07-8fdc-3caaae95cb02,5141a564-d962-4772-acfc-d26bfb9f6786,e92fa7cc-a0bb-48b0-883e-5f2d9de4701c,Happy really month rich,2025-01-29,2025-02-21
224af522-0105-433f-a8e6-88f7acdac439,e166c000-4ae8-48d5-83d6-8369e77a7a7a,dc349c6a-a272-41a1-98f6-89c52ab8f714,We air well the,2024-06-03,2024-06-14
453cb5e3-bf01-464e-8db0-e16714bfb069,e2ef39ed-4509-4b0c-bd73-44975db90e9e,bf91d870-2d3a-4af6-b0b7-12bff3ea26c9,Billion lay moment past fine,2024-05-28,2024-07-03
309768e4-3251-42b9-94d9-6d121a6e1411,c3906a52-ebd7-4f31-a65b-411412584475,3a2f196e-6dfb-4c17-b778-4bc1be4144b4,Fund reality question few,2024-06-28,2024-08-13
3f77e415-9f3e-44ed-bc62-38844a846c91,9ad20519-d488-4bad-80fc-7303f5d3e1ea,0c45bd05-b3a6-4764-8900-a5bdb2e1c31e,Tend main manage federal,2025-01-26,2025-03-27
f9982db6-c950-43f5-b967-ff22790ee336,9233aec3-1e4b-435b-a6c8-f75fd0182ca8,ef61c65a-376f-4caf-86a5-68a0b737a94b,Near even each edge some,2024-06-05,2024-07-07
bf1b61a0-319b-4450-bf4e-70c4905e44c2,24e3fe8e-b6b0-41dc-ba35-7af3078115c2,7cebe606-3f5f-4877-9446-d345aadde4a3,Specific common down,2024-11-09,2024-12-27
b9de6f47-7a08-497e-9d9f-e5f1b8c7271f,05597e10-9c99-4ec8-ada2-3d69a905f266,fecfb147-4d10-4c27-9de4-c15884d3d306,Agreement pressure north,2024-12-27,2025-02-03
17c1a8ac-6537-482b-86dd-2ba2a5e261cd,9af1210d-7397-429d-a641-0e5185248b70,e7f51bf6-b8a1-4ac3-9f86-799ba7b3207a,Security into difficult,2025-04-20,2025-06-08
40aae0aa-23b5-4d9a-98e9-8c2be241918c,24e3fe8e-b6b0-41dc-ba35-7af3078115c2,e92fa7cc-a0bb-48b0-883e-5f2d9de4701c,Happy really month rich,2025-05-03,2025-06-11
49dc1d98-46c2-4ae1-9903-6b2ac5604650,c4b09f2e-a1ed-4f3b-b163-2f45dd39769d,53adc915-8805-4a9a-bfe7-429c9c69c3b1,Civil next choose,2024-08-18,2024-09-26
51fea76a-3dbf-4b6d-ae16-d9a6dd4a0611,dab6e03b-71d9-4313-bc85-97c7d89f13e3,f33742ec-dce8-4b10-84d8-10c40ceb16c3,Happen hard feeling loss job,2024-08-04,2024-08-28
72902217-5c0d-44d4-8ad5-f853671748d2,9de59430-8b25-40a4-a3b9-1d10bb215781,fb3a7e6b-2a59-4bf4-b553-8a6b856a3eff,Fund west sing,2024-09-22,2024-09-23
591e9dd3-7032-43e1-a32c-5b7954793478,0f10ce2b-8264-43b1-8686-65c3eff24a13,65c4c2f3-fb37-4b34-8406-e99f0c20c25f,Message often tough inside,2024-06-07,2024-07-23
778b89f4-6bf2-41e5-98dc-85e3b27727c5,3dcf5fdd-fc54-4ab1-a508-6af1ac153a1e,f33742ec-dce8-4b10-84d8-10c40ceb16c3,Happen hard feeling loss job,2024-11-26,2025-01-19
98d267e6-fdfc-4b90-80d3-0751d86627be,670c0bd8-e756-4015-bfa2-7f627bc33f16,9b7cad1c-8f8b-469b-bd3e-a38c2415059f,Very morning whose,2024-07-06,2024-08-19
447cb6e4-7ea8-4b21-ab96-c4cb98c4165f,b01a7d4e-a8cd-4fa3-ad59-1730094174ff,bf91d870-2d3a-4af6-b0b7-12bff3ea26c9,Billion lay moment past fine,2024-11-06,2024-12-18
2b861add-e782-4cb0-83fe-97f987701707,24d8c93c-1af8-4145-8b09-76e1db4df34f,ec6697dc-245b-4cd1-8e8d-bbd68c1b22ab,Probably team on goal,2025-03-27,2025-05-08
25d1c3a7-f391-409d-87da-62478452d680,8762d4ba-6888-4a2f-b0f3-f78470ba5656,bb057fd8-66b6-4c03-9fc9-6d4868cf9bce,We him happy,2025-04-25,2025-06-04
6bf2ef25-e629-4956-a4f3-a4a5b05d4a44,6c344aba-20cd-42d3-a25b-35c2d9550dfa,af45d738-b5bd-4c5a-9aad-2e06708a4062,Above type ever,2024-09-15,2024-09-26
c5b49ffe-9d66-450c-ac18-3e58a9267355,477d8f91-135d-4ddb-97cf-b119f270cd0a,9a3fb82f-5cce-4631-a749-23a964bd970e,Around ten strategy agent,2024-12-08,2025-01-18
6c2406b2-32f9-4399-83c5-12e05a61d202,3dcf5fdd-fc54-4ab1-a508-6af1ac153a1e,e97234a1-3f5a-4b9d-ada9-2f4b99d166ea,Team good number center,2024-09-29,2024-10-19
ac2f3d85-9ae0-4210-90f1-6abcbefe44cf,2894fb4f-3c13-4965-9f91-70184697d761,3bfb64b8-3b5d-4990-a660-59282c9ca23e,Work student stay baby least,2024-05-16,2024-06-03
79897abd-7151-479e-8707-793378386a1b,eda4028e-f6f5-4644-87cf-9093bb3b3f5a,bf91d870-2d3a-4af6-b0b7-12bff3ea26c9,Billion lay moment past fine,2024-06-26,2024-06-30
b607f95e-23d4-4b9a-a0eb-addb2aaf6199,c4b09f2e-a1ed-4f3b-b163-2f45dd39769d,e92fa7cc-a0bb-48b0-883e-5f2d9de4701c,Happy really month rich,2024-08-25,2024-10-23
dbfba193-3796-4588-a583-944e85508c1c,f63c8cfb-2ac7-41a0-b877-c9fce28c1e9e,9f43ec07-6a21-4ad4-b436-2c37a035a3ea,Million within new piece,2024-10-03,2024-10-07
e1dce7d0-c543-4c1e-bdd7-ffe4ac99e2c5,24154e7a-8bde-4339-a99e-20abe87f1aa6,af45d738-b5bd-4c5a-9aad-2e06708a4062,Above type ever,2025-02-05,2025-02-08
45240b61-c222-42a5-a555-23e1de585706,4d039be5-0275-4925-b384-f1a06474511d,ea13988c-a89e-427b-9d7d-ae4e409bf186,Program best keep company,2024-11-27,2025-01-13
14012e1c-df93-4aed-8fe7-34fff837e2ad,670c0bd8-e756-4015-bfa2-7f627bc33f16,bb057fd8-66b6-4c03-9fc9-6d4868cf9bce,We him happy,2024-06-03,2024-06-26
0fd0bb37-0b4e-4d7d-972f-e86b54e7974e,c3906a52-ebd7-4f31-a65b-411412584475,af45d738-b5bd-4c5a-9aad-2e06708a4062,Above type ever,2024-07-01,2024-07-10
9cf1163f-21d6-4511-a590-6a8682f1cb0c,3ae64f36-1cb1-4e2b-9ce5-f5dc187c6225,fecfb147-4d10-4c27-9de4-c15884d3d306,Agreement pressure north,2025-04-11,2025-04-27
eeb6ecb6-9c5a-42e3-ae8d-028f8b10f480,c12357b6-dbb7-477c-9fac-973bc4d61660,e717b6e0-6e07-4c66-a298-a0e57649971b,New oil walk on ever,2025-04-20,2025-05-29
800988fb-8619-4ac3-bfe2-eb0555c6d3c2,ed661a28-2735-43d1-bef3-2f8034796151,cf726961-4139-49f7-8208-7ecad380179f,Long campaign let music,2025-01-13,2025-02-06
61b3ab03-81ab-49b6-9847-42b0f13105a7,6cd706a1-6208-4f3e-90d4-dc987884ac31,7cebe606-3f5f-4877-9446-d345aadde4a3,Specific common down,2025-01-25,2025-02-07
6642dcdf-d75d-4e29-ba27-afbbd024e742,10cac449-cb06-4e03-bb9d-4589711d9bd4,ec6697dc-245b-4cd1-8e8d-bbd68c1b22ab,Probably team on goal,2024-06-22,2024-07-14
56af129e-4c44-4bd8-b6e0-234404240db0,c989e430-3a31-4fca-a62e-75793fee2efe,fecfb147-4d10-4c27-9de4-c15884d3d306,Agreement pressure north,2024-08-24,2024-10-15
6575cf08-4503-434a-a518-1e84f660c57a,f63c8cfb-2ac7-41a0-b877-c9fce28c1e9e,ea13988c-a89e-427b-9d7d-ae4e409bf186,Program best keep company,2024-09-14,2024-10-30
faaf9e77-88d8-4910-af36-d922eba98648,38b7792c-510d-41bc-9878-c8936217bff2,94f7ba70-f0b5-46ad-abaa-22a7f2256347,Year what most toward role a,2024-09-21,2024-10-05
0fc1f75e-3a8b-4cfb-aea7-3bddf31c0210,9de59430-8b25-40a4-a3b9-1d10bb215781,9f43ec07-6a21-4ad4-b436-2c37a035a3ea,Million within new piece,2024-07-08,2024-08-29
bad31289-7baf-4e07-bbd8-0f66e1cd55fb,3468dfad-02de-4ecb-a12e-95b337e77545,e7f51bf6-b8a1-4ac3-9f86-799ba7b3207a,Security into difficult,2024-08-11,2024-08-25
1e708c78-f440-437c-91ea-2c42dd11d6ea,3dcf5fdd-fc54-4ab1-a508-6af1ac153a1e,b43b958a-7f4e-4d53-844d-b47894dcb25b,Future main today throw,2025-04-13,2025-05-07
efc42c37-e17a-4e62-ae4d-8a785aa6ece2,f57a3bbe-6ca9-447e-bd03-81ab519d9b21,0c45bd05-b3a6-4764-8900-a5bdb2e1c31e,Tend main manage federal,2024-06-12,2024-07-04
00ecbb4c-5650-48f1-bcca-838814b610bf,2252c90d-4f13-4f68-bc5d-f39570fed872,bb057fd8-66b6-4c03-9fc9-6d4868cf9bce,We him happy,2024-06-04,2024-06-09
93ce6530-b05e-430f-8ec8-b27fc5ff9c06,9ad20519-d488-4bad-80fc-7303f5d3e1ea,5b1fb557-7f00-40c8-a164-dc14b53da36d,Involve management theory,2024-06-08,2024-07-25
ffa33a09-55bd-4b48-9b5b-01152ba77f81,1a369d87-d46e-466c-8591-1307b5354b16,94f7ba70-f0b5-46ad-abaa-22a7f2256347,Year what most toward role a,2024-09-26,2024-11-18
d1a3cb68-6db5-4832-a558-c181de019f21,9233aec3-1e4b-435b-a6c8-f75fd0182ca8,4088c168-3e1e-40de-a834-42e5b6459882,Size mouth sort wife skill,2024-08-02,2024-08-24
ff02d238-b852-4de3-8c50-bd65a67b4173,e7b20013-b68a-45a5-83aa-babf7da478f5,dc349c6a-a272-41a1-98f6-89c52ab8f714,We air well the,2024-09-05,2024-10-19
a1c3f452-c70e-475c-b6f8-5e5a0d15596c,1a369d87-d46e-466c-8591-1307b5354b16,4ea205f0-a700-46fd-987a-48c18d953c52,Effect assume across,2025-04-16,2025-05-30
29e95ad3-8638-4e3f-8812-bbf6fb6b5949,33cdcb81-8399-4e0f-8050-b1fe47f54c24,9a3fb82f-5cce-4631-a749-23a964bd970e,Around ten strategy agent,2025-04-10,2025-06-04
8e3918bf-245c-4d54-9037-95d87fdfd774,3107f514-6268-409a-8846-9888d37b166e,65c4c2f3-fb37-4b34-8406-e99f0c20c25f,Message often tough inside,2025-02-07,2025-03-10
f45f82ce-9d59-4e2c-bef9-b50465f8f31f,221f8b87-aaed-4dbf-b6ab-d47fac09555d,b43b958a-7f4e-4d53-844d-b47894dcb25b,Future main today throw,2024-08-16,2024-08-19
976b158c-3389-43e8-8bd3-a500408328cb,85e43d57-398c-4488-b90a-6b6db5a877f6,4bb234a1-ef22-446c-b2c4-d7023025fe42,Woman scene find sense apply,2025-01-15,2025-02-12
b37f2c44-3ce9-494c-bcee-b3f46f76466e,0f10ce2b-8264-43b1-8686-65c3eff24a13,4ea205f0-a700-46fd-987a-48c18d953c52,Effect assume across,2024-10-20,2024-11-14
de7105d3-3d78-4b7a-ab0a-fa277e6714fa,1834f9e1-92e8-47bd-bd1f-77dd190dec17,ec6697dc-245b-4cd1-8e8d-bbd68c1b22ab,Probably team on goal,2025-04-29,2025-05-18
